timestamp_utc,wind_onshore,wind_offshore,solar,wind_speed_100m,temperature_2m,cloud_cover,shortwave_radiation,offshore_wind_speed_10m
2026-05-29 00:00:00+00:00,2722.98,1980.67,15.36,10.0,11.7,20.1667,0.0,20.438
2026-05-29 01:00:00+00:00,3241.41,2836.17,15.66,12.35,10.7,25.5,0.0,20.362
2026-05-29 02:00:00+00:00,3835.89,4101.67,13.36,15.3333,10.35,55.3333,0.0,21.448
2026-05-29 03:00:00+00:00,4754.91,4375.72,644.5,14.6167,9.2167,42.1667,15.3333,26.336
2026-05-29 04:00:00+00:00,5411.0,4515.64,4811.07,14.3,9.15,44.0,98.3333,27.077
2026-05-29 05:00:00+00:00,4672.13,4695.64,14334.68,14.5333,10.8667,45.3333,227.3333,26.643
2026-05-29 06:00:00+00:00,2896.75,4300.57,27392.57,13.7333,14.6333,44.5,369.8333,23.773
2026-05-29 07:00:00+00:00,2550.78,4622.49,37558.35,9.3,17.3833,33.1667,515.1667,26.89
2026-05-29 08:00:00+00:00,2394.74,3928.78,46034.68,8.9833,19.8333,43.5,620.6667,24.009
2026-05-29 09:00:00+00:00,2629.77,3098.75,51380.61,9.55,22.6,38.6667,662.3333,19.32
2026-05-29 10:00:00+00:00,2953.9,2295.23,53198.41,10.9833,23.9667,43.8333,762.8333,14.328
2026-05-29 11:00:00+00:00,3287.01,1545.82,53815.39,11.8833,25.45,47.1667,742.8333,15.586
2026-05-29 12:00:00+00:00,3328.33,1747.8,52379.13,11.9167,26.8667,20.1667,789.8333,13.657
2026-05-29 13:00:00+00:00,4558.31,1498.15,47966.51,13.1833,27.5,43.3333,609.3333,13.919
2026-05-29 14:00:00+00:00,4722.26,1934.58,39773.47,14.8167,28.3333,51.6667,571.3333,17.266
2026-05-29 15:00:00+00:00,4806.94,1566.5,28110.17,13.8333,27.7333,51.5,433.3333,18.448
2026-05-29 16:00:00+00:00,6294.65,1067.53,15929.18,15.3,27.3833,62.8333,240.5,18.446
2026-05-29 17:00:00+00:00,7310.57,1241.76,6301.84,21.9667,25.9333,58.1667,112.1667,15.444
2026-05-29 18:00:00+00:00,8420.97,2111.52,1361.73,19.55,23.15,58.6667,33.0,19.419
2026-05-29 19:00:00+00:00,9362.14,2102.54,140.22,19.95,20.9167,66.6667,0.8333,15.854
2026-05-29 20:00:00+00:00,13933.95,1665.58,70.27,15.1333,18.7667,66.6667,0.0,14.125
2026-05-29 21:00:00+00:00,15404.84,2132.92,22.54,21.1167,17.5333,94.0,0.0,12.302
2026-05-29 22:00:00+00:00,14810.7,2276.32,32.3,22.4667,16.7667,86.1667,0.0,15.599
2026-05-29 23:00:00+00:00,14079.79,2518.09,32.71,19.1333,16.6667,76.5,0.0,17.313
2026-05-30 00:00:00+00:00,13456.28,2667.19,37.77,14.3167,15.6833,93.1667,0.0,21.078
2026-05-30 01:00:00+00:00,11869.98,2423.22,19.57,20.9,14.8667,70.0,0.0,21.984
2026-05-30 02:00:00+00:00,11772.02,2614.92,17.61,18.7,15.3167,84.5,0.0,21.852
2026-05-30 03:00:00+00:00,11853.06,2691.55,494.64,15.4167,14.3667,70.8333,14.0,24.562
2026-05-30 04:00:00+00:00,10843.83,2377.52,3663.56,17.3333,14.2333,67.0,81.6667,22.943
2026-05-30 05:00:00+00:00,9171.06,2302.68,10185.56,18.3,14.9667,67.0,167.6667,21.965
2026-05-30 06:00:00+00:00,8232.06,2210.03,20061.65,16.2333,16.5333,50.5,342.5,23.418
2026-05-30 07:00:00+00:00,8410.4,1576.43,30973.5,16.25,18.3667,56.3333,475.1667,20.135
2026-05-30 08:00:00+00:00,8906.72,1323.3,38662.93,16.5833,19.9667,73.3333,524.8333,17.927
2026-05-30 09:00:00+00:00,9331.77,1324.38,42961.98,15.4167,21.1833,77.0,640.3333,17.85
2026-05-30 10:00:00+00:00,9318.16,1452.64,44699.24,15.15,22.25,53.8333,714.3333,18.14
2026-05-30 11:00:00+00:00,8424.43,1203.46,43542.98,16.0167,23.3833,74.0,698.3333,18.084
2026-05-30 12:00:00+00:00,8709.66,1206.19,42078.26,17.4667,24.1333,67.8333,701.1667,17.778
2026-05-30 13:00:00+00:00,9354.65,1416.71,39284.97,19.2667,24.6667,66.3333,618.5,17.069
2026-05-30 14:00:00+00:00,9119.07,1581.54,35525.68,23.8333,24.8,64.1667,521.0,16.352
2026-05-30 15:00:00+00:00,10129.27,1551.26,27299.18,22.0333,24.05,64.5,428.8333,16.173
2026-05-30 16:00:00+00:00,8506.6,1486.71,17339.21,21.1833,23.75,64.1667,304.0,11.982
2026-05-30 17:00:00+00:00,6162.77,1407.61,7679.18,20.2167,23.3667,54.3333,167.3333,11.858
2026-05-30 18:00:00+00:00,4217.88,1300.18,1820.95,18.7,22.3,62.6667,51.5,11.87
2026-05-30 19:00:00+00:00,3237.86,1016.01,196.97,15.6833,20.5167,67.5,3.3333,10.977
2026-05-30 20:00:00+00:00,3087.51,903.49,65.35,16.4,19.0,70.1667,0.0,10.316
2026-05-30 21:00:00+00:00,3199.84,826.74,27.45,16.05,17.9667,64.6667,0.0,8.543
2026-05-30 22:00:00+00:00,3275.59,832.2,31.91,15.4667,16.95,76.3333,0.0,8.239
2026-05-30 23:00:00+00:00,3515.19,778.61,17.66,13.8667,16.25,65.1667,0.0,8.898
2026-05-31 00:00:00+00:00,3218.02,541.72,16.86,11.9333,15.1,59.5,0.0,6.415
2026-05-31 01:00:00+00:00,2395.66,434.95,12.21,11.7667,14.4833,87.8333,0.0,4.722
2026-05-31 02:00:00+00:00,1980.92,318.98,14.02,11.2167,14.1833,63.6667,0.0,3.931
2026-05-31 03:00:00+00:00,2380.9,342.94,682.56,13.0333,13.6833,78.8333,13.6667,6.108
2026-05-31 04:00:00+00:00,3185.87,237.37,4586.65,12.0833,13.6667,69.3333,78.8333,4.946
2026-05-31 05:00:00+00:00,4281.89,149.53,11519.33,12.8333,15.0167,75.5,186.1667,6.275
2026-05-31 06:00:00+00:00,4740.84,108.8,20050.6,15.05,16.4833,73.0,269.5,8.978
2026-05-31 07:00:00+00:00,4066.03,106.05,27498.42,10.4167,18.4,74.3333,388.5,8.119
2026-05-31 08:00:00+00:00,3954.57,20.85,32202.68,12.3833,20.1833,86.6667,524.1667,7.332
2026-05-31 09:00:00+00:00,4448.87,28.22,34315.08,15.3,21.5167,94.1667,560.3333,8.762
2026-05-31 10:00:00+00:00,5289.02,35.74,35466.31,18.45,22.4,93.6667,545.3333,10.256
2026-05-31 11:00:00+00:00,5411.99,14.83,32976.64,19.9,23.1167,100.0,464.0,7.481
2026-05-31 12:00:00+00:00,6132.04,9.94,31890.18,17.1667,21.7167,98.8333,468.6667,6.995
2026-05-31 13:00:00+00:00,6876.78,11.48,29491.44,17.75,22.2,97.1667,475.5,2.684
2026-05-31 14:00:00+00:00,7782.27,13.64,23707.2,17.2167,22.45,98.8333,309.0,3.655
2026-05-31 15:00:00+00:00,8640.66,14.74,17009.64,17.1167,20.2333,95.6667,239.6667,2.59
2026-05-31 16:00:00+00:00,8947.9,35.27,9905.85,16.0667,20.1833,96.3333,182.0,4.981
2026-05-31 17:00:00+00:00,8751.15,25.92,4292.89,15.2833,19.7667,96.6667,86.3333,3.672
2026-05-31 18:00:00+00:00,8200.59,13.43,1186.94,18.75,18.5833,100.0,38.0,3.359
2026-05-31 19:00:00+00:00,7448.99,7.77,150.6,19.2333,17.7333,95.6667,1.8333,3.059
2026-05-31 20:00:00+00:00,6601.94,7.97,71.26,22.0333,17.0833,96.0,0.0,1.871
2026-05-31 21:00:00+00:00,5978.55,70.83,43.79,18.0,16.3167,89.5,0.0,6.287
2026-05-31 22:00:00+00:00,6160.88,139.68,49.95,17.25,15.5833,94.0,0.0,8.924
2026-05-31 23:00:00+00:00,5943.91,202.35,23.28,17.95,15.0333,82.6667,0.0,12.929
2026-06-01 00:00:00+00:00,5623.7,343.33,21.66,17.0,14.2833,85.1667,0.0,14.351
2026-06-01 01:00:00+00:00,5442.49,503.17,22.86,14.55,13.75,99.8333,0.0,15.762
2026-06-01 02:00:00+00:00,5379.13,506.6,24.71,15.4,13.4333,82.0,0.0,16.671
2026-06-01 03:00:00+00:00,5353.16,511.2,491.52,15.3333,13.0333,76.8333,14.3333,17.918
2026-06-01 04:00:00+00:00,4653.75,334.07,3498.03,15.1333,13.0167,65.1667,88.0,16.668
2026-06-01 05:00:00+00:00,3008.22,187.36,9779.93,13.5167,13.8,69.6667,208.5,14.022
2026-06-01 06:00:00+00:00,1867.93,109.89,18938.5,11.4167,15.0333,60.0,336.6667,13.379
2026-06-01 07:00:00+00:00,1745.55,77.84,28490.97,11.9333,16.5167,60.0,439.8333,12.345
2026-06-01 08:00:00+00:00,1719.14,201.36,36703.63,13.5833,17.7333,43.6667,583.5,11.637
2026-06-01 09:00:00+00:00,1743.04,320.82,42569.57,11.6167,18.45,82.5,569.1667,12.827
2026-06-01 10:00:00+00:00,1975.79,317.3,45384.8,13.2,19.7,86.8333,594.0,13.393
2026-06-01 11:00:00+00:00,2244.85,464.11,46102.94,14.1333,20.5833,86.6667,599.3333,12.729
2026-06-01 12:00:00+00:00,2530.94,531.4,45009.27,14.3333,21.1333,85.0,644.6667,12.94
2026-06-01 13:00:00+00:00,2498.26,414.49,41544.34,12.9833,21.55,73.3333,564.8333,11.741
2026-06-01 14:00:00+00:00,2135.61,380.71,35907.54,13.05,21.8833,68.1667,504.0,10.051
2026-06-01 15:00:00+00:00,1531.36,334.04,27710.16,12.0167,22.4,64.6667,410.3333,9.547
2026-06-01 16:00:00+00:00,986.24,395.81,17528.15,12.4667,22.3667,77.5,296.3333,9.179
2026-06-01 17:00:00+00:00,599.56,545.61,8065.34,9.65,21.8167,79.8333,160.3333,9.292
2026-06-01 18:00:00+00:00,473.08,816.71,2326.33,8.6833,21.3833,94.8333,55.3333,13.104
2026-06-01 19:00:00+00:00,760.43,1032.68,237.19,11.8667,19.5833,74.5,4.3333,14.553
2026-06-01 20:00:00+00:00,1366.04,972.99,64.73,14.4,17.8667,74.8333,0.0,14.199
2026-06-01 21:00:00+00:00,2764.69,1219.47,43.49,17.8167,16.4,80.6667,0.0,15.403
2026-06-01 22:00:00+00:00,4503.93,1611.49,28.97,18.9,15.5667,76.6667,0.0,20.621
2026-06-01 23:00:00+00:00,6187.97,2250.69,23.03,18.6333,14.9667,86.0,0.0,21.783
2026-06-02 00:00:00+00:00,7451.18,2364.43,21.56,19.2333,14.6333,91.8333,0.0,22.758
2026-06-02 01:00:00+00:00,8079.03,2335.37,22.46,20.8167,14.1333,81.8333,0.0,21.692
2026-06-02 02:00:00+00:00,8242.45,2487.37,26.63,21.4,13.75,98.1667,0.0,23.563
2026-06-02 03:00:00+00:00,8991.0,2588.48,788.58,21.2167,13.4667,98.8333,14.3333,23.178
2026-06-02 04:00:00+00:00,9224.84,2719.91,4922.3,21.1667,13.45,97.3333,82.0,23.559
2026-06-02 05:00:00+00:00,8088.46,2515.07,12458.43,20.8833,14.4333,93.8333,173.8333,22.452
2026-06-02 06:00:00+00:00,5462.14,2517.66,22512.64,17.2667,16.2,100.0,299.8333,21.23
2026-06-02 07:00:00+00:00,4443.17,2445.23,31724.6,15.8167,18.0167,94.0,414.6667,18.727
2026-06-02 08:00:00+00:00,5185.84,2047.58,37826.24,15.15,19.8167,94.8333,506.0,17.456
2026-06-02 09:00:00+00:00,7011.61,1839.14,39389.41,17.7167,21.9167,95.1667,601.0,18.373
2026-06-02 10:00:00+00:00,8230.83,1780.8,40954.58,18.35,22.9,90.5,565.1667,16.736
2026-06-02 11:00:00+00:00,8575.8,2210.9,39936.63,20.7167,23.0833,92.6667,509.3333,15.733
2026-06-02 12:00:00+00:00,8733.99,2398.27,37565.74,17.5333,23.55,93.8333,507.3333,20.13
2026-06-02 13:00:00+00:00,9403.4,1998.49,32014.72,18.2,24.05,77.3333,433.5,20.21
2026-06-02 14:00:00+00:00,9509.4,1807.02,25896.32,22.2833,22.6667,91.6667,335.6667,18.507
2026-06-02 15:00:00+00:00,10127.25,1759.42,17069.89,16.9333,22.9333,99.3333,260.8333,11.773
2026-06-02 16:00:00+00:00,11328.89,2242.0,9292.93,18.3333,21.75,96.6667,134.5,12.647
2026-06-02 17:00:00+00:00,12666.17,2348.92,3986.22,22.7667,20.1167,98.5,62.8333,13.168
2026-06-02 18:00:00+00:00,13075.58,2282.23,1171.69,20.5167,19.3667,88.6667,28.3333,15.143
2026-06-02 19:00:00+00:00,13945.87,2072.85,107.0,29.5167,17.9333,88.3333,1.3333,19.995
2026-06-02 20:00:00+00:00,15388.78,2271.19,30.18,23.1833,17.1833,91.3333,0.0,20.912
2026-06-02 21:00:00+00:00,16442.06,2808.96,25.83,24.1833,16.7,93.5,0.0,23.526
2026-06-02 22:00:00+00:00,16364.98,3023.61,23.62,27.2667,16.3167,83.0,0.0,26.765
2026-06-02 23:00:00+00:00,15199.52,2971.85,27.39,27.4333,15.8667,100.0,0.0,23.701
2026-06-03 00:00:00+00:00,14430.59,2504.42,33.99,25.1167,15.4833,98.8333,0.0,24.47
2026-06-03 01:00:00+00:00,14378.35,2383.1,32.21,22.7,15.0,99.3333,0.0,22.368
2026-06-03 02:00:00+00:00,14203.74,2524.47,23.92,22.45,14.45,80.8333,0.0,24.075
2026-06-03 03:00:00+00:00,14279.68,3107.13,380.43,23.6833,14.2667,82.1667,6.3333,27.75
2026-06-03 04:00:00+00:00,13834.52,3348.0,2604.75,22.1833,14.1833,96.8333,30.0,28.446
2026-06-03 05:00:00+00:00,12774.94,3333.61,6730.49,24.6167,14.3667,95.5,90.5,26.024
2026-06-03 06:00:00+00:00,12952.52,3224.06,12218.82,22.95,14.5,95.3333,164.8333,28.321
2026-06-03 07:00:00+00:00,14176.43,3216.9,18671.11,24.4167,15.0833,78.8333,299.3333,26.97
2026-06-03 08:00:00+00:00,14919.75,3535.52,25602.13,24.4,15.75,98.5,347.6667,29.142
2026-06-03 09:00:00+00:00,15413.67,3324.53,31352.08,24.0667,16.65,93.0,455.5,27.169
2026-06-03 10:00:00+00:00,15054.42,3450.09,34229.02,24.9333,16.9333,97.1667,384.0,29.452
2026-06-03 11:00:00+00:00,14422.95,3686.16,35431.56,26.8,17.2167,91.6667,497.5,30.649
2026-06-03 12:00:00+00:00,13994.1,4057.66,35063.87,26.1167,17.7833,83.3333,446.1667,31.981
2026-06-03 13:00:00+00:00,13740.7,3555.27,32763.6,23.9667,18.7,72.6667,443.0,30.482
2026-06-03 14:00:00+00:00,13478.06,3267.89,29352.75,22.6667,19.1,79.8333,325.3333,29.803
2026-06-03 15:00:00+00:00,13612.32,3735.93,23562.86,26.5667,18.9833,91.0,255.3333,36.738
2026-06-03 16:00:00+00:00,13608.22,3775.52,15526.65,23.7833,18.8333,82.1667,207.6667,28.579
2026-06-03 17:00:00+00:00,12741.3,2764.04,7309.69,22.7333,18.3167,93.8333,101.3333,25.654
2026-06-03 18:00:00+00:00,13273.04,2877.26,2005.69,19.6,18.1167,67.3333,36.3333,21.186
2026-06-03 19:00:00+00:00,16585.02,4942.28,149.03,20.9333,17.0833,73.5,2.5,23.298
2026-06-03 20:00:00+00:00,19770.34,6645.22,52.94,23.4,15.95,69.5,0.0,33.345
2026-06-03 21:00:00+00:00,23004.45,6776.43,27.01,27.35,15.1333,77.0,0.0,40.17
2026-06-03 22:00:00+00:00,25924.92,6984.6,23.83,28.2167,14.5167,99.5,0.0,41.039
2026-06-03 23:00:00+00:00,26836.51,6586.5,21.88,26.8167,14.4,85.0,0.0,42.769
2026-06-04 00:00:00+00:00,26328.81,6603.35,22.57,26.9667,14.1833,79.1667,0.0,40.443
2026-06-04 01:00:00+00:00,25364.32,7015.31,20.47,28.7,13.9833,76.3333,0.0,34.916
2026-06-04 02:00:00+00:00,24253.77,6286.73,27.38,25.8,13.5167,89.5,0.0,39.456
2026-06-04 03:00:00+00:00,23139.01,6173.21,618.51,26.1333,13.6167,92.8333,11.6667,35.815
2026-06-04 04:00:00+00:00,22409.21,6197.95,3901.57,23.5167,13.5333,85.1667,60.3333,38.767
2026-06-04 05:00:00+00:00,20341.55,6409.6,10374.97,24.2167,14.0,98.5,111.1667,37.204
2026-06-04 06:00:00+00:00,19107.47,6645.23,18376.07,24.5833,15.45,90.8333,214.3333,32.42
2026-06-04 07:00:00+00:00,18831.92,6473.42,25090.72,23.5667,16.4833,96.8333,300.0,30.191
2026-06-04 08:00:00+00:00,19079.71,6272.31,28944.84,24.9333,17.5333,99.0,324.1667,34.598
2026-06-04 09:00:00+00:00,18834.31,5678.9,30379.53,27.3667,18.45,100.0,307.3333,34.556
2026-06-04 10:00:00+00:00,19448.86,5529.77,30464.61,29.1833,19.1,100.0,357.3333,30.811
2026-06-04 11:00:00+00:00,20697.15,5627.33,29490.03,29.4333,19.55,100.0,402.0,31.55
2026-06-04 12:00:00+00:00,19982.15,4793.6,27687.4,28.3833,20.1333,100.0,349.0,35.783
2026-06-04 13:00:00+00:00,22866.89,3940.29,24324.41,31.6833,20.25,100.0,202.0,34.019
2026-06-04 14:00:00+00:00,23533.22,4049.49,19724.92,29.1833,18.7167,100.0,196.8333,28.646
2026-06-04 15:00:00+00:00,24948.98,3667.69,14515.38,32.6333,19.0,100.0,162.1667,25.31
2026-06-04 16:00:00+00:00,25196.76,4073.51,8852.37,27.75,17.5667,100.0,142.5,28.661
2026-06-04 17:00:00+00:00,23753.45,4714.1,4400.98,30.05,16.7167,100.0,86.1667,32.87
2026-06-04 18:00:00+00:00,21781.38,5193.12,1413.94,24.65,15.9667,97.8333,30.1667,33.432
2026-06-04 19:00:00+00:00,21180.03,5234.23,248.82,27.6167,15.3333,100.0,2.1667,34.221
2026-06-04 20:00:00+00:00,21242.47,5980.31,45.19,31.55,14.6,100.0,0.0,34.933
2026-06-04 21:00:00+00:00,22175.88,6163.95,22.99,26.35,14.2333,76.3333,0.0,36.617
2026-06-04 22:00:00+00:00,23110.89,5316.69,34.01,26.8333,13.7333,80.5,0.0,35.189
2026-06-04 23:00:00+00:00,23068.66,5558.45,19.87,29.5,13.45,72.8333,0.0,33.503
2026-06-05 00:00:00+00:00,22812.9,6014.88,22.18,28.2667,13.1833,75.1667,0.0,32.643
2026-06-05 01:00:00+00:00,21788.91,5882.5,22.29,30.2,12.9833,87.0,0.0,31.834
2026-06-05 02:00:00+00:00,20478.0,5664.7,21.97,29.5833,12.7333,96.3333,0.0,33.322
2026-06-05 03:00:00+00:00,18937.98,5480.27,349.24,27.3333,12.55,88.5,12.6667,29.051
2026-06-05 04:00:00+00:00,17440.82,5075.51,2594.3,25.25,12.5667,82.1667,70.6667,28.953
2026-06-05 05:00:00+00:00,15363.32,4304.76,6947.67,24.1667,12.9333,94.8333,158.6667,28.653
2026-06-05 06:00:00+00:00,13754.54,4134.64,13248.01,22.95,13.6833,85.1667,246.3333,30.56
2026-06-05 07:00:00+00:00,13286.45,3736.19,21529.82,24.5667,14.4167,96.5,313.5,28.922
2026-06-05 08:00:00+00:00,13084.84,3385.75,29841.08,21.95,15.5833,87.5,403.0,29.268
2026-06-05 09:00:00+00:00,13055.79,3196.06,35783.23,20.2833,16.6333,93.3333,427.8333,28.03
2026-06-05 10:00:00+00:00,13098.66,2860.93,38138.22,21.0167,17.1,87.6667,400.6667,25.673
2026-06-05 11:00:00+00:00,12831.9,2628.27,38302.87,21.25,17.5167,84.5,582.0,25.533
2026-06-05 12:00:00+00:00,11185.83,2489.52,37732.09,21.6,17.7167,89.3333,558.6667,23.479
2026-06-05 13:00:00+00:00,9902.22,2188.47,36148.88,19.55,18.5333,93.8333,355.1667,21.121
2026-06-05 14:00:00+00:00,8660.73,1566.62,31617.29,20.0,17.6833,80.5,409.1667,20.803
2026-06-05 15:00:00+00:00,7248.28,1026.25,25096.48,16.8833,18.2833,68.6667,353.5,23.277
2026-06-05 16:00:00+00:00,6251.14,667.11,16926.06,13.3167,17.7833,88.8333,222.0,19.127
2026-06-05 17:00:00+00:00,4632.9,503.96,8342.34,12.05,17.5167,59.0,161.0,17.15
2026-06-05 18:00:00+00:00,3031.89,498.79,2404.14,11.0667,17.8833,47.5,58.0,17.251
2026-06-05 19:00:00+00:00,2116.5,489.25,300.54,15.8167,16.4,55.6667,3.8333,15.457
2026-06-05 20:00:00+00:00,1570.54,494.44,84.21,13.8,14.7333,57.0,0.0,12.268
2026-06-05 21:00:00+00:00,1368.18,476.97,60.23,12.3833,13.55,48.5,0.0,13.15
2026-06-05 22:00:00+00:00,1351.22,432.1,26.64,13.55,12.6,55.1667,0.0,11.845
2026-06-05 23:00:00+00:00,1320.81,353.65,24.24,9.8833,12.0667,48.8333,0.0,12.475
2026-06-06 00:00:00+00:00,1168.76,300.67,23.29,11.0167,11.4,40.1667,0.0,12.679
2026-06-06 01:00:00+00:00,1127.36,378.6,20.23,10.0,10.7167,52.8333,0.0,15.167
2026-06-06 02:00:00+00:00,1138.15,418.67,32.06,12.15,10.4167,45.8333,0.0,15.395
2026-06-06 03:00:00+00:00,1546.29,483.91,862.04,10.8,9.8833,68.1667,17.8333,15.095
2026-06-06 04:00:00+00:00,1879.8,639.13,5410.22,12.55,9.8,74.1667,97.6667,15.072
2026-06-06 05:00:00+00:00,1781.34,759.34,14617.38,13.0167,10.9,78.8333,208.0,14.861
2026-06-06 06:00:00+00:00,1134.64,613.43,26628.87,11.3833,13.1833,90.6667,349.6667,16.488
2026-06-06 07:00:00+00:00,990.06,212.79,36463.82,9.3167,15.1,92.1667,477.1667,17.623
2026-06-06 08:00:00+00:00,1109.18,258.56,41704.78,9.2667,16.9167,83.0,550.8333,13.47
2026-06-06 09:00:00+00:00,1339.18,359.36,44614.05,11.2167,18.9333,59.3333,626.1667,13.651
2026-06-06 10:00:00+00:00,1638.87,457.19,44130.86,11.2833,19.95,81.6667,698.6667,13.611
2026-06-06 11:00:00+00:00,2005.91,490.23,42840.47,11.1,21.1833,76.0,663.3333,12.992
2026-06-06 12:00:00+00:00,2442.73,497.5,41141.83,10.9333,21.5833,87.5,583.6667,13.004
2026-06-06 13:00:00+00:00,3868.0,588.83,37759.04,13.7167,21.6,90.5,450.8333,13.623
2026-06-06 14:00:00+00:00,4920.66,682.48,30655.04,16.5167,22.2833,79.8333,399.8333,14.05
2026-06-06 15:00:00+00:00,5254.59,722.39,21241.99,15.8,22.4,89.1667,325.5,14.854
2026-06-06 16:00:00+00:00,5346.31,687.09,12617.54,19.3,21.4,88.5,152.6667,14.447
2026-06-06 17:00:00+00:00,5730.53,1378.38,5862.71,19.9167,20.3833,98.5,93.8333,14.087
2026-06-06 18:00:00+00:00,6068.28,1798.9,1726.55,13.2,19.3,87.1667,36.8333,12.146
2026-06-06 19:00:00+00:00,7554.13,2076.72,177.88,13.1167,17.8833,94.5,2.1667,13.414
2026-06-06 20:00:00+00:00,8063.18,2492.69,106.12,17.3333,16.7333,94.8333,0.0,15.493
2026-06-06 21:00:00+00:00,10006.88,2633.48,62.61,17.3,16.05,95.8333,0.0,18.687
2026-06-06 22:00:00+00:00,12625.67,2774.02,22.87,16.8333,15.2,66.0,0.0,19.084
2026-06-06 23:00:00+00:00,13743.46,4142.37,20.64,20.4667,14.8167,72.8333,0.0,23.004
2026-06-07 00:00:00+00:00,13333.4,4016.32,24.63,17.7,14.6167,94.1667,0.0,26.271
2026-06-07 01:00:00+00:00,14160.57,4656.26,26.54,17.4833,13.9833,87.5,0.0,24.062
2026-06-07 02:00:00+00:00,15998.82,5132.24,27.95,22.9,13.9667,98.5,0.0,31.281
2026-06-07 03:00:00+00:00,17454.95,5274.88,556.47,23.4833,14.0,91.8333,10.6667,28.49
2026-06-07 04:00:00+00:00,18113.83,5230.7,3776.65,23.75,13.6,92.0,54.6667,31.378
2026-06-07 05:00:00+00:00,16801.08,4400.84,10308.71,22.6333,13.8833,89.0,122.3333,28.781
2026-06-07 06:00:00+00:00,15634.64,2616.13,17826.79,22.3667,15.0,80.6667,230.1667,28.954
2026-06-07 07:00:00+00:00,15387.14,2498.77,24976.89,24.1333,15.8,84.6667,273.3333,30.413
2026-06-07 08:00:00+00:00,13962.93,2237.74,29520.9,27.65,16.3167,86.0,380.0,31.613
2026-06-07 09:00:00+00:00,13795.5,2284.55,32228.79,28.7833,17.3,81.8333,455.1667,28.775
2026-06-07 10:00:00+00:00,12876.76,2083.77,34506.61,28.5167,17.5,80.8333,445.0,28.013
2026-06-07 11:00:00+00:00,10722.09,1658.0,35638.76,29.2167,18.35,73.3333,524.8333,30.751
2026-06-07 12:00:00+00:00,9423.91,1865.02,35552.59,29.9667,19.35,56.8333,601.5,34.274
2026-06-07 13:00:00+00:00,10087.75,1644.26,33779.99,28.6,19.2167,66.6667,511.5,33.632
2026-06-07 14:00:00+00:00,11181.67,1866.06,30391.15,26.8667,19.8333,59.0,476.6667,32.268
2026-06-07 15:00:00+00:00,14379.86,2850.55,26179.81,23.85,20.1167,62.5,405.1667,30.001
2026-06-07 16:00:00+00:00,15086.63,4641.58,18254.62,22.5,19.75,81.8333,235.5,33.352
2026-06-07 17:00:00+00:00,12435.5,3808.44,8524.87,20.3333,19.45,62.0,161.8333,30.633
2026-06-07 18:00:00+00:00,9098.07,3767.62,2348.17,18.7,19.1833,47.0,60.3333,26.333
2026-06-07 19:00:00+00:00,6600.89,3605.61,212.57,19.0167,17.6667,60.3333,5.3333,26.657
2026-06-07 20:00:00+00:00,5000.71,3392.9,112.53,19.3,16.4,81.6667,0.0,26.832
2026-06-07 21:00:00+00:00,4402.62,3076.6,61.51,18.7167,15.2667,42.5,0.0,27.804
2026-06-07 22:00:00+00:00,3678.41,3173.37,45.79,14.7333,14.1167,38.0,0.0,27.02
2026-06-07 23:00:00+00:00,3053.64,3204.57,28.11,13.05,13.3667,36.8333,0.0,23.313
2026-06-08 00:00:00+00:00,2526.07,3011.08,23.22,12.1667,12.3667,51.0,0.0,22.541
2026-06-08 01:00:00+00:00,2547.38,2903.21,27.77,13.1,11.5,35.8333,0.0,21.063
2026-06-08 02:00:00+00:00,3426.81,3085.14,29.33,13.9,10.9333,66.0,0.0,20.781
2026-06-08 03:00:00+00:00,4939.48,3434.57,956.81,12.8333,10.3833,85.0,17.5,24.157
2026-06-08 04:00:00+00:00,5624.66,3533.29,5383.12,14.8333,10.55,80.3333,89.3333,25.242
2026-06-08 05:00:00+00:00,4888.19,3592.47,14335.36,15.55,11.8667,79.5,194.1667,24.293
2026-06-08 06:00:00+00:00,2989.33,3683.81,26011.26,14.4833,14.5833,71.5,342.0,26.008
2026-06-08 07:00:00+00:00,2443.94,3377.2,35028.46,11.25,16.5833,72.1667,472.6667,25.57
2026-06-08 08:00:00+00:00,2659.79,3019.98,42038.3,12.3333,18.5,80.0,555.0,25.87
2026-06-08 09:00:00+00:00,2788.27,2293.55,45509.95,11.1,20.5667,85.3333,635.5,24.87
2026-06-08 10:00:00+00:00,3022.12,1490.12,46077.28,13.9167,21.9167,93.0,595.6667,19.729
2026-06-08 11:00:00+00:00,3365.42,1195.75,44420.73,15.6667,22.8,98.5,603.0,15.812
2026-06-08 12:00:00+00:00,4039.02,761.15,40611.95,15.1333,23.15,89.3333,572.5,13.541
2026-06-08 13:00:00+00:00,4931.97,609.2,33646.15,15.0833,23.4167,100.0,492.6667,8.746
2026-06-08 14:00:00+00:00,5534.01,418.32,25963.8,17.6667,23.8833,100.0,370.3333,10.837
2026-06-08 15:00:00+00:00,6271.98,365.63,18129.05,16.5167,23.5167,99.6667,291.1667,12.309
2026-06-08 16:00:00+00:00,6705.73,277.72,11456.06,20.3167,22.75,99.1667,188.6667,11.272
2026-06-08 17:00:00+00:00,7476.09,186.15,5485.56,14.6333,22.0167,100.0,93.1667,10.033
2026-06-08 18:00:00+00:00,9092.19,655.95,1635.6,14.6,21.3167,81.6667,39.3333,7.886
2026-06-08 19:00:00+00:00,11766.34,535.19,155.58,22.6333,19.6,82.0,4.8333,18.288
2026-06-08 20:00:00+00:00,14308.85,1227.75,34.69,20.4333,18.3667,98.1667,0.0,9.483
2026-06-08 21:00:00+00:00,16478.64,2054.46,26.46,21.65,17.2667,98.1667,0.0,20.819
2026-06-08 22:00:00+00:00,16987.42,2112.16,32.45,26.15,16.6833,99.5,0.0,21.006
2026-06-08 23:00:00+00:00,17988.08,2862.66,20.61,24.3833,15.9667,99.0,0.0,18.087
2026-06-09 00:00:00+00:00,18002.52,4429.68,20.97,23.0,15.9,92.8333,0.0,25.954
2026-06-09 01:00:00+00:00,17237.06,5327.23,22.8,23.9333,15.5667,99.0,0.0,31.487
2026-06-09 02:00:00+00:00,17646.8,5832.35,23.44,27.8833,15.1667,99.5,0.0,31.692
2026-06-09 03:00:00+00:00,19092.56,6057.25,352.58,25.7833,14.8667,100.0,11.0,35.433
2026-06-09 04:00:00+00:00,19657.62,5306.43,2142.13,26.25,14.7,98.3333,48.0,34.985
2026-06-09 05:00:00+00:00,18716.28,4714.08,5175.05,26.8833,14.9,100.0,58.1667,34.025
2026-06-09 06:00:00+00:00,18129.62,4286.12,9231.49,26.45,14.8,88.3333,104.3333,30.429
2026-06-09 07:00:00+00:00,19433.13,3668.41,14513.67,22.9833,14.5,99.8333,189.1667,29.88
2026-06-09 08:00:00+00:00,20536.68,3939.79,21347.85,23.5167,15.1667,98.6667,269.3333,29.347
2026-06-09 09:00:00+00:00,21190.9,3407.17,26999.81,27.2333,15.4667,98.3333,436.8333,29.13
2026-06-09 10:00:00+00:00,21609.69,2436.25,30923.92,25.4667,16.1667,98.3333,475.5,33.445
2026-06-09 11:00:00+00:00,19931.74,2953.25,33545.61,25.3,16.5333,69.6667,513.1667,35.868
2026-06-09 12:00:00+00:00,19443.12,2380.31,34908.66,27.1,16.9667,77.1667,524.1667,33.284
2026-06-09 13:00:00+00:00,17888.66,2339.02,34070.62,25.2667,17.2333,79.6667,494.1667,36.459
2026-06-09 14:00:00+00:00,17894.15,3927.76,30268.09,31.0,17.05,82.0,435.3333,34.802
2026-06-09 15:00:00+00:00,17925.14,4718.89,24252.63,28.7333,17.55,72.5,345.1667,34.559
2026-06-09 16:00:00+00:00,15755.58,4249.01,16435.73,27.0333,17.15,80.8333,228.6667,33.862
2026-06-09 17:00:00+00:00,12215.74,4082.7,8188.18,23.0667,16.5667,55.6667,153.1667,29.874
2026-06-09 18:00:00+00:00,10944.77,3658.84,2545.11,19.1833,16.05,67.0,65.0,28.018
2026-06-09 19:00:00+00:00,10505.08,3961.72,324.3,19.9167,14.95,84.3333,4.0,31.243
2026-06-09 20:00:00+00:00,10634.27,4825.13,59.27,19.9333,13.7833,85.0,0.0,28.521
2026-06-09 21:00:00+00:00,11587.6,4393.68,24.7,18.1833,12.7333,80.3333,0.0,29.551
2026-06-09 22:00:00+00:00,12287.94,5516.54,24.15,20.1,12.1167,50.1667,0.0,30.032
2026-06-09 23:00:00+00:00,13108.73,5737.74,20.99,16.6167,11.5,80.3333,0.0,30.81
2026-06-10 00:00:00+00:00,13088.9,5307.15,20.73,19.4667,10.8,75.5,0.0,32.974
2026-06-10 01:00:00+00:00,12863.48,5389.67,20.54,18.4833,10.6167,51.1667,0.0,31.95
2026-06-10 02:00:00+00:00,12383.48,5424.72,29.21,19.1833,10.4,60.6667,0.0,32.631
2026-06-10 03:00:00+00:00,11422.68,5233.7,708.89,19.15,9.9833,59.8333,15.1667,31.559
2026-06-10 04:00:00+00:00,9484.17,5470.35,3936.01,18.45,10.05,60.0,84.8333,35.362
2026-06-10 05:00:00+00:00,6489.95,5286.42,10082.85,15.6667,10.9833,73.6667,171.8333,32.928
2026-06-10 06:00:00+00:00,5562.63,5387.81,18083.87,12.6,12.15,63.0,278.8333,32.628
2026-06-10 07:00:00+00:00,5716.2,4700.11,25789.78,13.6667,13.3167,75.5,394.0,32.827
2026-06-10 08:00:00+00:00,7227.67,4069.7,31804.86,14.2333,14.5167,78.1667,495.6667,33.049
2026-06-10 09:00:00+00:00,8589.19,3314.85,35139.33,13.5,15.6667,82.3333,531.3333,33.46
2026-06-10 10:00:00+00:00,8768.66,2854.98,35664.54,14.35,16.4,80.6667,499.3333,32.131
2026-06-10 11:00:00+00:00,8976.71,3560.83,33562.32,17.25,16.5833,88.3333,552.8333,30.013
2026-06-10 12:00:00+00:00,9444.99,2710.99,29308.52,16.0667,17.1833,95.3333,463.8333,27.353
2026-06-10 13:00:00+00:00,8101.97,2078.72,26294.32,19.5333,16.3167,88.6667,440.3333,25.833
2026-06-10 14:00:00+00:00,8171.52,1539.99,22554.84,12.3333,16.3167,87.3333,335.8333,23.379
2026-06-10 15:00:00+00:00,8114.92,998.02,17658.98,15.7833,14.9167,99.0,221.0,20.229
2026-06-10 16:00:00+00:00,7260.44,640.79,11894.97,12.8333,15.0833,86.5,214.8333,16.763
2026-06-10 17:00:00+00:00,6144.71,505.71,6136.78,15.45,14.3333,98.0,105.3333,13.8
2026-06-10 18:00:00+00:00,5915.62,386.17,2012.29,19.4333,14.1667,83.3333,44.6667,16.272
2026-06-10 19:00:00+00:00,5485.81,962.14,280.9,16.3833,12.9167,81.6667,4.8333,15.066
2026-06-10 20:00:00+00:00,4667.34,640.73,70.35,18.15,12.0167,95.5,0.0,18.416
2026-06-10 21:00:00+00:00,4655.12,365.02,35.75,16.3833,11.4667,85.8333,0.0,14.663
2026-06-10 22:00:00+00:00,5071.1,280.25,36.89,15.9167,11.0167,94.1667,0.0,13.582
2026-06-10 23:00:00+00:00,5629.14,246.36,28.98,15.95,10.5333,91.8333,0.0,14.765
2026-06-11 00:00:00+00:00,6307.65,421.68,22.25,15.7667,10.1833,93.8333,0.0,15.421
2026-06-11 01:00:00+00:00,6898.09,405.19,22.12,16.35,9.9167,78.0,0.0,15.526
2026-06-11 02:00:00+00:00,7438.42,305.53,25.27,15.2667,9.7667,70.8333,0.0,19.1
2026-06-11 03:00:00+00:00,7927.56,305.42,562.37,18.1833,9.45,79.0,16.1667,15.62
2026-06-11 04:00:00+00:00,7094.16,256.02,3675.19,17.4833,9.6833,77.5,64.6667,14.389
2026-06-11 05:00:00+00:00,4841.36,180.54,10107.17,15.4833,10.3,95.1667,173.3333,15.001
2026-06-11 06:00:00+00:00,3772.41,189.71,18209.45,12.9,11.3833,83.6667,242.0,16.094
2026-06-11 07:00:00+00:00,3954.25,362.02,26604.77,14.5,12.3833,95.0,297.8333,17.244
2026-06-11 08:00:00+00:00,4770.97,438.72,33881.66,16.2167,13.3167,79.8333,463.3333,16.267
2026-06-11 09:00:00+00:00,6446.55,530.3,38224.21,18.6667,13.7833,94.3333,409.1667,14.802
2026-06-11 10:00:00+00:00,7537.31,602.45,39611.47,17.8667,14.6333,76.6667,552.5,14.767
2026-06-11 11:00:00+00:00,7830.0,798.09,40403.42,20.5167,15.1833,62.5,655.8333,17.13
2026-06-11 12:00:00+00:00,10118.55,980.74,39974.17,22.8667,16.0833,88.0,575.5,18.411
2026-06-11 13:00:00+00:00,11301.37,1247.39,37307.28,20.5167,16.5,68.1667,498.6667,19.686
2026-06-11 14:00:00+00:00,11371.27,1341.8,32284.31,22.3,16.5333,71.8333,465.6667,21.135
2026-06-11 15:00:00+00:00,10394.98,1806.27,24357.44,22.3,16.6667,88.0,294.3333,25.022
2026-06-11 16:00:00+00:00,9375.24,1863.22,14922.35,19.8833,16.6333,83.3333,229.5,25.903
2026-06-11 17:00:00+00:00,8199.37,1326.6,7008.93,20.0167,16.1333,89.5,128.6667,22.215
2026-06-11 18:00:00+00:00,6759.48,1491.41,2032.88,17.4833,15.4167,91.5,49.8333,11.858
2026-06-11 19:00:00+00:00,6515.76,1239.07,234.2,19.75,14.0667,83.5,4.0,21.777
2026-06-11 20:00:00+00:00,6863.47,1027.92,43.87,18.8333,13.25,96.8333,0.0,20.866
2026-06-11 21:00:00+00:00,8485.91,2102.95,34.38,13.5167,12.1,95.0,0.0,22.141
2026-06-11 22:00:00+00:00,10881.58,3042.92,22.87,15.2667,11.6,91.8333,0.0,26.016
2026-06-11 23:00:00+00:00,12633.17,3191.09,21.12,18.1167,11.35,97.1667,0.0,28.932
2026-06-12 00:00:00+00:00,13817.35,4181.06,21.77,19.85,11.0167,88.5,0.0,29.4
2026-06-12 01:00:00+00:00,14725.79,4245.93,23.43,21.8333,10.9,95.3333,0.0,29.267
2026-06-12 02:00:00+00:00,15103.9,4030.06,35.68,22.3833,10.9333,100.0,0.0,27.965
2026-06-12 03:00:00+00:00,15377.16,3302.16,500.49,23.45,10.9333,100.0,8.1667,28.629
2026-06-12 04:00:00+00:00,15467.7,2310.26,2244.82,22.3667,11.25,98.6667,31.1667,24.707
2026-06-12 05:00:00+00:00,14648.18,1944.2,5324.22,21.05,11.6667,100.0,51.1667,20.8
2026-06-12 06:00:00+00:00,14077.4,2345.95,9103.0,20.8667,12.3667,99.1667,102.6667,17.533
2026-06-12 07:00:00+00:00,14146.49,2294.59,12303.53,21.4667,13.0,99.6667,122.0,21.701
2026-06-12 08:00:00+00:00,14242.15,2277.17,14729.59,22.1667,13.6667,98.1667,142.1667,20.698
2026-06-12 09:00:00+00:00,14715.19,1955.45,16393.35,26.1167,14.6167,100.0,184.0,20.274
2026-06-12 10:00:00+00:00,15838.91,2547.54,17176.63,27.85,15.3333,99.3333,140.5,20.949
2026-06-12 11:00:00+00:00,17870.18,3124.85,18478.95,28.7833,15.55,99.8333,143.5,30.255
2026-06-12 12:00:00+00:00,19955.26,3944.96,19042.64,29.3333,15.8167,100.0,196.8333,27.951
2026-06-12 13:00:00+00:00,21791.21,4280.89,18447.08,27.8667,16.4333,99.3333,216.5,36.666
2026-06-12 14:00:00+00:00,24183.5,3944.37,16599.89,26.9833,16.7667,97.8333,134.6667,33.895
2026-06-12 15:00:00+00:00,25325.96,4443.95,13220.17,29.1167,16.7667,97.3333,137.6667,31.82
2026-06-12 16:00:00+00:00,25338.58,3279.64,8795.29,28.8333,17.0167,99.0,115.1667,24.946
2026-06-12 17:00:00+00:00,24185.89,1959.98,4554.7,28.6833,16.95,96.6667,50.1667,29.926
2026-06-12 18:00:00+00:00,21672.33,1645.9,1419.82,29.15,16.5,98.3333,20.0,21.569
2026-06-12 19:00:00+00:00,20000.74,1856.79,216.24,26.5833,16.0,99.5,3.0,19.313
2026-06-12 20:00:00+00:00,19298.28,1970.5,146.98,28.8167,15.5833,89.3333,0.0,18.766
2026-06-12 21:00:00+00:00,19496.17,2410.75,66.23,26.3833,15.3833,92.0,0.0,19.735
2026-06-12 22:00:00+00:00,19208.22,2723.38,28.56,25.8167,15.0333,84.6667,0.0,22.046
2026-06-12 23:00:00+00:00,19199.97,3888.68,21.8,27.25,14.5333,68.1667,0.0,28.277
2026-06-13 00:00:00+00:00,19566.5,4833.48,21.07,27.8,14.55,75.0,0.0,33.115
2026-06-13 01:00:00+00:00,20071.56,5092.65,21.17,27.8667,14.4,91.1667,0.0,33.67
2026-06-13 02:00:00+00:00,20310.28,5292.08,29.41,29.0667,14.3167,82.6667,0.0,35.515
2026-06-13 03:00:00+00:00,21616.46,5376.41,586.65,28.3833,14.3333,89.5,9.5,33.988
2026-06-13 04:00:00+00:00,20835.6,5342.49,3851.59,29.4667,14.4167,81.8333,61.3333,34.62
2026-06-13 05:00:00+00:00,20137.79,5108.28,10517.22,27.0333,15.0,70.3333,159.5,34.289
2026-06-13 06:00:00+00:00,21079.75,5892.88,19450.16,27.6833,16.0333,64.6667,284.3333,34.487
2026-06-13 07:00:00+00:00,20914.65,4522.94,26819.92,32.6833,16.8167,86.5,342.0,39.486
2026-06-13 08:00:00+00:00,20510.36,4352.95,31461.99,32.5167,17.6833,78.5,431.1667,39.746
2026-06-13 09:00:00+00:00,19953.67,3158.06,35999.69,35.5,18.3,86.8333,399.6667,42.838
2026-06-13 10:00:00+00:00,17010.87,2541.5,38081.02,38.35,18.5333,74.8333,461.8333,42.575
2026-06-13 11:00:00+00:00,15885.5,2387.84,38436.66,39.55,18.9667,71.6667,544.6667,44.427
2026-06-13 12:00:00+00:00,16352.32,2454.22,37905.19,38.7,19.15,63.1667,552.6667,41.867
2026-06-13 13:00:00+00:00,17942.0,2376.41,35727.57,39.0667,19.45,55.8333,497.0,43.503
2026-06-13 14:00:00+00:00,22583.55,2623.84,30954.13,39.15,19.7333,66.5,473.5,43.209
2026-06-13 15:00:00+00:00,28099.45,3827.24,24732.57,41.8167,19.6,66.6667,376.3333,41.114
2026-06-13 16:00:00+00:00,32447.67,4834.2,16846.73,39.2,19.4833,66.6667,260.3333,41.691
2026-06-13 17:00:00+00:00,34004.68,4277.95,8454.25,38.4167,18.75,26.1667,156.8333,39.942
2026-06-13 18:00:00+00:00,30387.46,3168.78,2471.13,36.0667,18.0333,52.1667,54.0,38.521
2026-06-13 19:00:00+00:00,27654.29,4773.3,226.54,35.9,16.8333,44.8333,6.1667,38.069
2026-06-13 20:00:00+00:00,24860.0,5359.48,119.89,33.0833,15.4667,45.6667,0.0,40.194
2026-06-13 21:00:00+00:00,23763.05,5374.82,90.97,29.85,14.5667,48.8333,0.0,37.831
2026-06-13 22:00:00+00:00,23416.73,5609.91,116.16,29.0333,14.1333,69.8333,0.0,40.427
2026-06-13 23:00:00+00:00,23629.81,5458.7,68.44,27.65,13.5833,54.3333,0.0,43.127
2026-06-14 00:00:00+00:00,23737.67,6439.94,31.35,26.0333,13.0667,88.0,0.0,42.544
2026-06-14 01:00:00+00:00,23213.88,6795.59,25.45,26.4167,12.5167,60.1667,0.0,43.059
2026-06-14 02:00:00+00:00,23241.08,6879.27,49.93,26.7833,12.1833,73.0,0.0,43.491
2026-06-14 03:00:00+00:00,23217.82,5731.8,669.74,26.1333,11.9667,81.0,12.3333,40.675
2026-06-14 04:00:00+00:00,23350.62,5001.16,4064.1,25.4333,12.0833,81.8333,71.8333,40.099
2026-06-14 05:00:00+00:00,22627.47,5440.44,9800.07,25.0667,12.3,91.3333,156.3333,39.48
2026-06-14 06:00:00+00:00,21066.32,5053.63,15668.43,26.3,13.1333,64.8333,291.6667,39.891
2026-06-14 07:00:00+00:00,20912.95,4741.86,22169.37,28.4667,14.15,69.8333,410.8333,39.477
2026-06-14 08:00:00+00:00,21453.39,4205.52,26613.88,29.0333,14.9,92.1667,417.0,40.307
2026-06-14 09:00:00+00:00,21191.64,3691.95,30879.46,28.9,15.8333,90.8333,453.1667,38.044
2026-06-14 10:00:00+00:00,20126.99,3394.95,33093.57,32.4667,16.3167,88.1667,474.8333,37.323
2026-06-14 11:00:00+00:00,16661.46,3105.0,34388.12,34.9667,17.1167,90.5,458.1667,36.847
2026-06-14 12:00:00+00:00,15838.38,2613.56,33640.59,35.7,17.4667,78.6667,486.8333,36.917
2026-06-14 13:00:00+00:00,18488.85,2435.51,30720.74,33.7,17.2167,83.8333,478.0,35.042
2026-06-14 14:00:00+00:00,21424.3,3144.12,27021.13,33.0833,17.6333,86.1667,417.3333,39.712
2026-06-14 15:00:00+00:00,25765.23,3496.23,22007.91,30.9667,17.6,87.5,265.3333,40.198
2026-06-14 16:00:00+00:00,30092.39,3679.46,15366.81,30.9667,16.9333,87.1667,226.3333,39.429
2026-06-14 17:00:00+00:00,30878.56,3090.65,7610.6,31.65,16.4,75.0,157.6667,41.08
2026-06-14 18:00:00+00:00,27430.7,3444.85,2398.33,31.0833,16.3667,68.3333,55.0,35.717
2026-06-14 19:00:00+00:00,25121.82,5247.49,235.16,28.0167,15.2333,87.3333,4.5,39.177
2026-06-14 20:00:00+00:00,22068.56,5943.31,118.87,26.6833,14.15,60.6667,0.0,37.578
2026-06-14 21:00:00+00:00,21297.67,6038.44,63.04,22.5833,13.5667,89.6667,0.0,36.96
2026-06-14 22:00:00+00:00,20792.84,5488.78,64.98,22.4333,13.0,87.0,0.0,36.677
2026-06-14 23:00:00+00:00,20514.57,5849.14,46.05,22.9,12.35,89.0,0.0,36.771
2026-06-15 00:00:00+00:00,20262.93,6427.83,39.53,22.8667,11.7667,75.1667,0.0,38.965
2026-06-15 01:00:00+00:00,20418.53,7075.77,24.35,23.5,11.55,87.1667,0.0,39.007
2026-06-15 02:00:00+00:00,20910.71,6852.82,26.17,23.1167,11.4,90.5,0.0,39.999
2026-06-15 03:00:00+00:00,21346.17,6594.08,503.66,24.5,11.4333,96.5,7.8333,40.469
2026-06-15 04:00:00+00:00,23016.84,7023.15,3550.82,25.2,11.3833,95.1667,42.3333,42.672
2026-06-15 05:00:00+00:00,23341.92,5356.86,9737.14,24.2667,11.65,92.5,109.3333,42.344
2026-06-15 06:00:00+00:00,24111.76,4443.11,17904.62,25.75,12.7167,77.8333,237.1667,43.66
2026-06-15 07:00:00+00:00,25367.81,3879.48,24657.78,25.45,13.4167,80.0,378.0,44.392
2026-06-15 08:00:00+00:00,25868.28,4594.12,28802.08,27.8667,14.6833,72.8333,480.0,41.143
2026-06-15 09:00:00+00:00,25471.35,4593.28,33075.32,29.6833,15.5833,88.6667,507.6667,38.204
2026-06-15 10:00:00+00:00,24795.62,4594.64,36095.46,30.5167,15.8667,95.0,470.1667,40.339
2026-06-15 11:00:00+00:00,24887.93,4836.72,37690.96,28.9833,16.2167,77.3333,515.1667,37.713
2026-06-15 12:00:00+00:00,25134.44,3799.73,38139.16,28.7167,17.1833,65.5,597.8333,35.269
2026-06-15 13:00:00+00:00,24565.34,3525.97,37147.66,26.8333,17.6167,55.3333,584.5,31.903
2026-06-15 14:00:00+00:00,23881.41,2834.73,33888.36,29.1833,18.1167,62.5,524.3333,30.418
2026-06-15 15:00:00+00:00,23774.5,1941.77,27928.53,27.8167,18.7333,51.1667,454.3333,31.663
2026-06-15 16:00:00+00:00,22194.92,2109.71,18553.37,26.3,18.3333,41.0,335.1667,27.443
2026-06-15 17:00:00+00:00,19080.93,3570.84,8990.79,25.9333,17.7167,50.8333,189.6667,23.587
2026-06-15 18:00:00+00:00,15809.5,3642.85,2688.81,22.45,17.3,47.5,72.5,25.065
2026-06-15 19:00:00+00:00,13018.64,3212.75,377.1,23.15,15.6333,35.5,8.1667,24.948
2026-06-15 20:00:00+00:00,11022.27,2847.88,87.25,21.3333,13.8833,53.6667,0.0,21.913
2026-06-15 21:00:00+00:00,10393.97,2766.3,48.02,18.4667,12.7,53.8333,0.0,24.835
2026-06-15 22:00:00+00:00,9520.74,2696.57,35.58,17.4333,11.7167,70.1667,0.0,22.765
2026-06-15 23:00:00+00:00,8409.94,2657.51,23.95,14.2833,11.0,79.1667,0.0,24.478
2026-06-16 00:00:00+00:00,7752.33,2408.9,23.84,13.7167,10.5667,93.5,0.0,22.84
2026-06-16 01:00:00+00:00,7308.4,2183.43,24.72,13.7167,10.35,89.5,0.0,21.81
2026-06-16 02:00:00+00:00,7030.95,1917.54,31.61,13.9667,10.1167,95.3333,0.1667,19.859
2026-06-16 03:00:00+00:00,7703.98,1445.99,820.27,13.1,9.7833,90.1667,15.6667,16.606
2026-06-16 04:00:00+00:00,7935.51,1023.04,4354.84,13.1833,9.65,89.0,63.6667,14.751
2026-06-16 05:00:00+00:00,7084.95,763.92,10525.37,13.3167,10.9167,92.6667,124.0,15.152
2026-06-16 06:00:00+00:00,6170.94,681.07,17265.3,11.3,12.9833,82.6667,212.5,11.239
2026-06-16 07:00:00+00:00,5457.71,298.66,23026.32,11.8,14.2833,94.6667,289.6667,12.52
2026-06-16 08:00:00+00:00,5039.69,232.53,28359.26,13.2,15.3833,95.1667,384.3333,12.025
2026-06-16 09:00:00+00:00,4615.27,196.71,32760.62,13.0167,16.8333,92.5,501.6667,13.727
2026-06-16 10:00:00+00:00,4490.79,208.11,35338.54,13.7667,18.2167,94.0,544.8333,13.793
2026-06-16 11:00:00+00:00,5396.93,232.56,35941.35,13.3333,18.6667,87.5,526.6667,12.246
2026-06-16 12:00:00+00:00,5887.21,186.18,35430.02,16.2167,19.5833,97.3333,531.3333,12.114
2026-06-16 13:00:00+00:00,6118.22,374.21,33533.29,15.5167,20.3333,93.0,476.0,13.68
2026-06-16 14:00:00+00:00,6300.52,495.72,29627.07,12.1,20.8667,69.3333,490.6667,13.453
2026-06-16 15:00:00+00:00,6337.39,485.53,23266.16,13.9333,21.1333,70.8333,393.8333,13.483
2026-06-16 16:00:00+00:00,6484.86,569.55,15623.05,12.5167,21.1667,55.0,297.1667,10.479
2026-06-16 17:00:00+00:00,5690.6,489.18,7912.01,16.0333,20.8,57.0,179.5,10.616
2026-06-16 18:00:00+00:00,5382.59,484.31,2586.8,18.05,20.3833,53.5,70.5,10.193
2026-06-16 19:00:00+00:00,5451.91,466.64,398.85,18.7667,19.0833,44.8333,9.0,9.209
2026-06-16 20:00:00+00:00,5277.49,451.52,81.11,16.8667,17.2833,67.5,0.0,8.083
2026-06-16 21:00:00+00:00,5137.61,379.27,36.92,16.4167,16.0833,39.3333,0.0,6.045
2026-06-16 22:00:00+00:00,4344.61,312.19,30.8,16.2833,14.9833,59.1667,0.0,5.26
2026-06-16 23:00:00+00:00,3451.78,289.03,40.7,14.0167,14.3,49.5,0.0,7.616
2026-06-17 00:00:00+00:00,2694.91,315.83,26.3,13.3,13.1333,40.5,0.0,9.98
2026-06-17 01:00:00+00:00,2201.33,428.73,25.06,13.2833,12.6667,71.6667,0.0,11.961
2026-06-17 02:00:00+00:00,1708.97,549.32,41.8,10.3,12.1333,47.5,0.1667,12.92
2026-06-17 03:00:00+00:00,1536.37,682.88,956.7,10.05,11.2,77.0,21.5,15.752
2026-06-17 04:00:00+00:00,1394.33,933.14,5038.54,12.3,11.3333,71.1667,88.1667,17.4
2026-06-17 05:00:00+00:00,1317.75,1210.88,12403.13,11.25,12.55,70.1667,189.1667,19.279
2026-06-17 06:00:00+00:00,945.32,1443.91,21814.62,10.7667,15.0667,72.0,315.1667,20.697
2026-06-17 07:00:00+00:00,934.68,1550.06,30062.94,9.5667,16.7667,73.0,419.3333,21.705
2026-06-17 08:00:00+00:00,1486.51,1601.54,37521.5,9.05,18.5,75.6667,471.0,25.108
2026-06-17 09:00:00+00:00,2140.1,1792.4,43007.42,10.9333,20.3667,85.6667,620.8333,24.298
2026-06-17 10:00:00+00:00,3198.5,2371.42,45309.5,13.3167,21.8,73.1667,640.8333,22.332
2026-06-17 11:00:00+00:00,4285.98,2922.67,44554.36,16.2833,22.3,72.5,554.6667,21.703
2026-06-17 12:00:00+00:00,4469.94,3154.61,42729.28,16.0167,22.85,73.0,592.1667,25.132
2026-06-17 13:00:00+00:00,4819.17,3578.65,38917.47,16.4333,23.6,79.5,537.5,25.315
2026-06-17 14:00:00+00:00,5428.46,4649.99,32261.9,19.8167,24.3667,70.1667,461.8333,24.238
2026-06-17 15:00:00+00:00,5609.04,5033.9,24824.17,16.4333,24.6,72.6667,360.5,29.472
2026-06-17 16:00:00+00:00,5323.46,5006.67,15631.55,16.6333,24.65,79.6667,225.1667,27.568
2026-06-17 17:00:00+00:00,4366.58,4601.27,7493.58,16.9,24.05,66.0,145.1667,26.302
2026-06-17 18:00:00+00:00,4396.89,3489.48,2284.59,17.8,23.7667,75.8333,44.5,24.023
2026-06-17 19:00:00+00:00,3928.73,2537.44,302.62,16.1167,22.5333,74.0,4.3333,24.48
2026-06-17 20:00:00+00:00,3457.3,1959.09,119.91,16.5,20.7333,75.6667,0.0,20.411
2026-06-17 21:00:00+00:00,3637.74,1272.15,41.07,15.1333,19.2333,53.0,0.0,15.126
2026-06-17 22:00:00+00:00,3688.69,1342.93,28.03,13.0167,18.5667,50.0,0.0,14.484
2026-06-17 23:00:00+00:00,3716.76,1324.27,24.52,11.85,17.8,55.0,0.0,12.537
2026-06-18 00:00:00+00:00,3633.43,1351.05,25.61,11.3167,17.6833,70.6667,0.0,13.788
2026-06-18 01:00:00+00:00,3539.67,1661.65,26.34,13.5667,17.3333,74.5,0.0,11.375
2026-06-18 02:00:00+00:00,3370.01,1598.24,27.61,14.75,17.1333,77.6667,0.0,8.436
2026-06-18 03:00:00+00:00,3286.32,1418.96,637.5,15.2833,16.6833,75.6667,15.8333,12.431
2026-06-18 04:00:00+00:00,3141.25,1222.52,4262.29,15.1833,16.6167,86.1667,83.5,13.767
2026-06-18 05:00:00+00:00,2756.47,1033.3,11937.62,12.15,17.4667,81.1667,191.6667,13.338
2026-06-18 06:00:00+00:00,2004.48,765.05,23072.14,11.5833,19.9167,61.3333,328.8333,14.006
2026-06-18 07:00:00+00:00,2140.3,356.42,33642.63,11.05,21.75,63.0,434.5,14.199
2026-06-18 08:00:00+00:00,2569.96,319.65,43185.51,12.4333,23.5,66.0,574.8333,12.451
2026-06-18 09:00:00+00:00,3164.31,391.79,48859.42,11.5,25.2167,77.1667,683.5,12.902
2026-06-18 10:00:00+00:00,3714.58,492.91,51299.87,12.05,26.7667,56.3333,760.0,12.587
2026-06-18 11:00:00+00:00,4023.48,670.99,51540.15,12.0,27.9167,60.8333,769.1667,13.507
2026-06-18 12:00:00+00:00,3711.12,708.77,49989.51,12.7333,28.3667,65.1667,715.0,13.561
2026-06-18 13:00:00+00:00,3258.96,984.57,46106.5,13.4833,29.1167,54.8333,666.3333,12.51
2026-06-18 14:00:00+00:00,2577.97,757.41,39948.9,12.6667,29.3667,62.6667,580.6667,11.241
2026-06-18 15:00:00+00:00,1672.9,518.65,31983.98,10.7167,29.4,44.8333,468.8333,8.382
2026-06-18 16:00:00+00:00,938.94,290.78,20753.53,9.7333,29.2,56.1667,323.8333,6.748
2026-06-18 17:00:00+00:00,487.14,188.87,9522.99,10.0667,28.7667,29.6667,199.0,4.346
2026-06-18 18:00:00+00:00,495.49,137.85,2803.01,10.9833,28.0833,43.1667,80.0,4.374
2026-06-18 19:00:00+00:00,918.34,162.29,351.23,11.8167,26.4167,33.8333,9.3333,6.788
2026-06-18 20:00:00+00:00,1588.32,526.46,60.94,13.6333,24.2,41.6667,0.0,8.424
2026-06-18 21:00:00+00:00,2625.38,841.38,38.76,13.15,22.6167,61.1667,0.0,10.605
2026-06-18 22:00:00+00:00,4075.65,1235.12,26.81,14.4667,21.4333,59.8333,0.0,13.399
2026-06-18 23:00:00+00:00,6443.92,1842.01,24.7,15.9333,20.4667,49.0,0.0,15.131
2026-06-19 00:00:00+00:00,8079.79,1623.1,22.92,15.7,20.0667,60.8333,0.0,14.689
2026-06-19 01:00:00+00:00,8558.31,1927.42,23.29,15.2,19.3333,65.6667,0.0,14.755
2026-06-19 02:00:00+00:00,7602.24,1871.99,29.17,18.2333,19.2667,56.5,0.1667,18.094
2026-06-19 03:00:00+00:00,6745.83,1346.68,716.25,18.0,18.45,66.6667,15.8333,15.419
2026-06-19 04:00:00+00:00,6304.11,1143.59,4412.78,14.2333,18.45,57.8333,80.6667,12.252
2026-06-19 05:00:00+00:00,5284.52,683.68,12157.49,14.7833,19.5833,57.5,182.1667,10.33
2026-06-19 06:00:00+00:00,3248.21,474.63,23249.77,13.5167,21.3333,39.1667,324.3333,12.737
2026-06-19 07:00:00+00:00,2000.75,475.43,33213.41,9.1333,23.3667,45.1667,498.1667,11.245
2026-06-19 08:00:00+00:00,2053.71,460.07,42438.96,8.3167,25.4667,29.0,651.0,12.945
2026-06-19 09:00:00+00:00,2724.16,753.39,48925.27,8.4333,27.7,19.3333,751.5,14.049
2026-06-19 10:00:00+00:00,3136.8,949.8,51913.21,8.5167,29.9333,18.0,807.8333,13.43
2026-06-19 11:00:00+00:00,3327.17,1264.84,51663.97,9.9,31.4,8.5,808.0,14.149
2026-06-19 12:00:00+00:00,3508.56,1758.58,48998.23,9.6167,32.0333,25.3333,722.8333,14.869
2026-06-19 13:00:00+00:00,3434.69,2230.95,45070.48,10.8333,32.5667,32.5,681.1667,17.071
2026-06-19 14:00:00+00:00,3196.07,2716.55,38580.97,9.7167,32.7167,16.6667,605.6667,19.159
2026-06-19 15:00:00+00:00,3219.49,2865.96,29550.2,15.75,32.5667,53.6667,405.8333,20.686
2026-06-19 16:00:00+00:00,3632.56,2286.15,17797.14,12.0333,31.1667,33.0,288.0,18.367
2026-06-19 17:00:00+00:00,3280.89,1950.5,7638.05,17.55,29.5833,50.0,168.5,14.034
2026-06-19 18:00:00+00:00,4202.37,1785.15,2326.05,24.1,27.7167,50.0,54.6667,12.635
2026-06-19 19:00:00+00:00,7951.12,1714.34,289.01,22.6833,27.1333,66.6667,8.0,10.121
2026-06-19 20:00:00+00:00,11442.72,1485.83,55.37,26.8667,24.6833,71.5,0.0,10.144
2026-06-19 21:00:00+00:00,14568.67,907.96,34.38,29.9167,23.35,66.5,0.0,9.188
2026-06-19 22:00:00+00:00,16155.77,1411.27,44.23,29.7667,23.15,81.0,0.0,13.195
2026-06-19 23:00:00+00:00,16671.66,3220.07,31.49,26.4,22.15,70.5,0.0,20.665
2026-06-20 00:00:00+00:00,16480.17,3542.31,33.5,25.7,21.55,82.1667,0.0,12.289
2026-06-20 01:00:00+00:00,13227.86,2225.35,71.66,29.1667,20.5833,65.5,0.0,18.507
2026-06-20 02:00:00+00:00,9823.36,941.85,53.57,17.7,20.1667,81.0,0.1667,18.616
2026-06-20 03:00:00+00:00,10196.54,1210.47,699.47,11.9833,19.2,80.0,14.0,16.266
2026-06-20 04:00:00+00:00,13099.29,832.59,3891.2,18.9333,19.1333,76.5,73.6667,21.749
2026-06-20 05:00:00+00:00,11450.29,1567.02,10328.31,17.9833,20.1333,61.8333,181.0,16.76
2026-06-20 06:00:00+00:00,9949.37,2154.69,20217.2,12.65,21.4667,60.1667,313.8333,11.846
2026-06-20 07:00:00+00:00,7020.43,2208.62,30449.17,17.3667,22.9833,68.0,444.8333,12.457
2026-06-20 08:00:00+00:00,4562.04,2157.42,40375.45,17.5833,25.1,63.1667,607.5,15.826
2026-06-20 09:00:00+00:00,3689.1,2014.21,47039.63,13.5,27.2667,35.6667,734.3333,17.299
2026-06-20 10:00:00+00:00,3915.2,1646.81,50402.85,16.2,28.8167,43.0,765.0,13.272
2026-06-20 11:00:00+00:00,3977.41,1369.0,50267.77,14.95,30.2,34.1667,764.0,16.389
2026-06-20 12:00:00+00:00,3472.65,1141.9,48053.85,16.4667,30.7,33.3333,724.8333,15.73
2026-06-20 13:00:00+00:00,3196.7,977.99,45761.87,17.3833,30.9333,25.6667,612.6667,11.952
2026-06-20 14:00:00+00:00,3153.7,1068.62,39770.09,15.6833,31.6,46.3333,541.8333,14.352
2026-06-20 15:00:00+00:00,3416.17,1118.31,31674.37,11.6167,30.95,33.6667,423.5,12.015
2026-06-20 16:00:00+00:00,3334.16,960.65,20464.03,16.2667,29.1167,43.6667,297.8333,12.701
2026-06-20 17:00:00+00:00,2921.99,698.44,9529.49,14.15,30.2,43.3333,190.1667,11.272
2026-06-20 18:00:00+00:00,2438.28,497.2,2875.97,15.3167,28.9667,41.8333,76.5,13.644
2026-06-20 19:00:00+00:00,2654.77,310.47,418.63,12.4667,26.5333,27.3333,9.6667,12.108
2026-06-20 20:00:00+00:00,2581.68,158.14,96.65,12.95,24.9,24.8333,0.0,12.176
2026-06-20 21:00:00+00:00,2831.16,134.99,50.31,12.5333,22.7167,7.8333,0.0,6.577
2026-06-20 22:00:00+00:00,2724.54,202.28,28.64,13.8,21.1667,9.8333,0.0,8.49
2026-06-20 23:00:00+00:00,2792.97,308.09,23.37,13.65,20.6333,29.0,0.0,9.829
2026-06-21 00:00:00+00:00,2548.12,455.29,27.57,15.25,18.9,49.5,0.0,13.576
2026-06-21 01:00:00+00:00,2583.88,256.01,27.41,12.7333,18.7833,44.8333,0.0,12.506
2026-06-21 02:00:00+00:00,3905.6,312.77,36.26,12.4333,18.5167,46.8333,0.1667,13.058
2026-06-21 03:00:00+00:00,5342.98,248.09,851.52,12.8167,17.75,58.8333,17.5,11.542
2026-06-21 04:00:00+00:00,5370.13,235.64,4503.7,10.75,17.4167,49.5,77.3333,15.472
2026-06-21 05:00:00+00:00,5742.02,482.4,11606.5,12.45,18.3833,74.5,164.3333,15.573
2026-06-21 06:00:00+00:00,5624.69,631.92,21582.05,9.5,20.75,82.5,315.8333,17.692
2026-06-21 07:00:00+00:00,5608.4,835.1,29606.01,8.1,22.2833,49.1667,488.8333,15.288
2026-06-21 08:00:00+00:00,3728.6,922.81,37751.66,6.1333,24.45,52.0,562.5,16.274
2026-06-21 09:00:00+00:00,2913.63,1006.1,43077.79,8.0667,26.3667,79.3333,586.0,19.78
2026-06-21 10:00:00+00:00,3077.0,436.32,45756.86,9.35,26.2167,67.6667,589.5,16.305
2026-06-21 11:00:00+00:00,2454.75,461.37,45766.36,10.1833,27.5667,47.3333,759.0,15.049
2026-06-21 12:00:00+00:00,1450.49,983.56,44886.51,13.0667,27.95,54.6667,668.0,14.582
2026-06-21 13:00:00+00:00,1445.95,1361.12,41654.91,13.0833,27.8833,55.6667,595.3333,16.509
2026-06-21 14:00:00+00:00,2351.93,1682.55,34887.43,11.9167,28.95,69.0,510.6667,19.43
2026-06-21 15:00:00+00:00,3283.78,1942.25,26619.78,13.0333,28.4167,66.1667,384.0,21.242
2026-06-21 16:00:00+00:00,3657.75,2259.79,17259.97,18.5167,26.4167,47.3333,296.6667,18.802
2026-06-21 17:00:00+00:00,4303.77,2399.17,8522.39,16.1833,25.9667,44.3333,187.8333,19.837
2026-06-21 18:00:00+00:00,4330.63,2587.07,3026.28,17.8,25.1167,44.8333,69.3333,22.258
2026-06-21 19:00:00+00:00,4712.2,2810.3,431.62,16.5,23.85,63.0,9.1667,22.152
2026-06-21 20:00:00+00:00,4856.99,2733.59,97.78,15.9167,22.6167,33.5,0.0,22.045
2026-06-21 21:00:00+00:00,5475.04,2655.2,37.85,17.25,21.1833,35.1667,0.0,24.82
2026-06-21 22:00:00+00:00,5737.26,2743.52,28.3,19.2667,20.3667,30.3333,0.0,24.537
2026-06-21 23:00:00+00:00,5866.95,2519.3,22.72,17.7333,19.6,66.3333,0.0,23.425
2026-06-22 00:00:00+00:00,5994.71,2461.41,24.2,16.2667,18.7,53.5,0.0,24.7
2026-06-22 01:00:00+00:00,6132.0,2423.78,23.77,15.65,17.9167,52.8333,0.0,24.611
2026-06-22 02:00:00+00:00,6074.06,2211.89,31.32,17.15,17.35,67.6667,0.0,25.064
2026-06-22 03:00:00+00:00,6348.19,1729.65,777.74,17.55,16.7667,70.5,17.3333,22.926
2026-06-22 04:00:00+00:00,5500.9,1345.15,4525.08,16.35,16.5333,56.3333,88.1667,22.705
2026-06-22 05:00:00+00:00,3519.29,1169.24,12621.54,15.0333,17.2,53.5,200.0,22.224
2026-06-22 06:00:00+00:00,2255.01,937.08,23933.73,12.8833,19.25,30.0,367.8333,21.771
2026-06-22 07:00:00+00:00,1560.61,718.63,34514.81,11.5167,20.9167,46.1667,516.3333,20.65
2026-06-22 08:00:00+00:00,1357.65,600.18,43997.68,11.15,22.7167,30.1667,653.3333,19.805
2026-06-22 09:00:00+00:00,1349.45,550.68,50947.54,10.8,24.6167,27.3333,734.8333,19.066
2026-06-22 10:00:00+00:00,1379.13,792.78,53755.78,10.0833,25.8833,18.1667,783.3333,19.772
2026-06-22 11:00:00+00:00,1652.51,809.55,54128.77,9.3667,27.1833,35.5,817.5,19.359
2026-06-22 12:00:00+00:00,2012.6,798.11,51300.08,11.5833,28.1167,70.3333,782.8333,18.382
2026-06-22 13:00:00+00:00,2582.6,1167.14,46000.97,11.5667,28.6833,62.1667,718.8333,16.818
2026-06-22 14:00:00+00:00,3402.4,1534.54,38220.29,10.3667,28.8667,41.5,608.5,19.512
2026-06-22 15:00:00+00:00,4665.99,1785.94,28765.29,11.0333,28.85,62.3333,472.5,21.143
2026-06-22 16:00:00+00:00,5256.82,1953.69,18686.44,21.0167,27.6667,84.1667,327.1667,20.178
2026-06-22 17:00:00+00:00,5250.53,1798.27,9343.17,18.4,26.7667,74.5,189.1667,20.496
2026-06-22 18:00:00+00:00,5287.55,1317.95,3091.93,17.0333,26.1,50.1667,77.0,20.257
2026-06-22 19:00:00+00:00,6244.8,1199.85,392.76,17.85,24.45,69.6667,9.5,19.191
2026-06-22 20:00:00+00:00,6624.69,1164.63,56.14,20.4167,22.35,74.1667,0.0,19.011
2026-06-22 21:00:00+00:00,6468.4,894.11,28.2,18.6833,20.65,92.0,0.0,19.241
2026-06-22 22:00:00+00:00,5416.89,768.17,25.45,18.55,19.4667,66.1667,0.0,17.574
2026-06-22 23:00:00+00:00,4385.1,860.63,23.11,17.1167,18.5,62.0,0.0,16.188
2026-06-23 00:00:00+00:00,3344.67,788.02,23.03,15.9333,17.6333,59.1667,0.0,14.879
2026-06-23 01:00:00+00:00,2744.9,495.24,22.04,14.3833,16.9,62.0,0.0,16.056
2026-06-23 02:00:00+00:00,2340.03,407.35,31.1,12.6833,16.3,39.0,0.0,13.947
2026-06-23 03:00:00+00:00,2371.33,390.94,733.1,10.6,15.8,51.5,18.6667,12.694
2026-06-23 04:00:00+00:00,1907.43,344.31,4512.27,9.3333,15.8,69.6667,88.5,13.611
2026-06-23 05:00:00+00:00,1001.92,199.63,12512.16,10.5333,16.85,62.8333,194.1667,15.388
2026-06-23 06:00:00+00:00,312.11,106.79,23997.33,7.6333,18.9667,49.5,324.5,12.366
2026-06-23 07:00:00+00:00,151.47,52.91,34966.48,6.45,20.7333,45.8333,469.0,8.553
2026-06-23 08:00:00+00:00,200.24,40.83,43577.47,6.0167,22.5833,50.5,579.3333,10.603
2026-06-23 09:00:00+00:00,299.94,28.95,49086.07,6.55,24.65,53.8333,660.6667,8.042
2026-06-23 10:00:00+00:00,388.92,57.41,51398.03,8.1667,25.9333,63.0,737.3333,9.323
2026-06-23 11:00:00+00:00,516.65,40.64,50766.51,7.1833,26.65,82.5,646.6667,10.517
2026-06-23 12:00:00+00:00,608.61,65.1,48509.14,7.0667,27.9833,53.8333,754.6667,12.034
2026-06-23 13:00:00+00:00,655.38,279.07,45295.61,8.0833,28.7667,66.1667,672.8333,10.56
2026-06-23 14:00:00+00:00,775.74,194.48,39523.09,7.6,28.8167,47.3333,580.1667,12.765
2026-06-23 15:00:00+00:00,868.76,172.03,30804.19,10.1,29.1333,52.6667,480.8333,14.222
2026-06-23 16:00:00+00:00,934.02,163.62,19636.95,8.1167,28.9167,32.5,348.6667,12.758
2026-06-23 17:00:00+00:00,969.39,216.36,9362.64,7.4,28.4,25.3333,195.5,11.839
2026-06-23 18:00:00+00:00,1234.05,336.14,2963.08,10.6333,27.7333,39.6667,77.8333,11.187
2026-06-23 19:00:00+00:00,1545.48,374.44,411.82,12.1333,25.65,32.0,10.3333,11.117
2026-06-23 20:00:00+00:00,1931.97,359.62,67.97,14.0333,23.0833,27.8333,0.0,10.251
2026-06-23 21:00:00+00:00,2430.58,493.98,35.99,14.1333,21.9333,12.6667,0.0,9.213
2026-06-23 22:00:00+00:00,2563.04,723.66,26.26,12.6,20.65,12.8333,0.0,11.773
2026-06-23 23:00:00+00:00,2635.45,830.99,22.96,13.7,19.4833,12.8333,0.0,13.496
2026-06-24 00:00:00+00:00,2516.79,792.05,24.51,11.95,18.5833,12.5,0.0,12.353
2026-06-24 01:00:00+00:00,2420.72,898.17,23.47,11.3667,17.7833,17.0,0.0,12.019
2026-06-24 02:00:00+00:00,2175.01,921.51,27.81,11.9833,17.1167,5.0,0.0,10.647
2026-06-24 03:00:00+00:00,1987.65,835.4,764.52,11.7167,16.1167,2.8333,20.6667,10.817
2026-06-24 04:00:00+00:00,1595.57,730.01,4766.32,11.4833,16.0833,17.8333,107.0,9.513
2026-06-24 05:00:00+00:00,1125.73,633.82,13536.25,10.0333,17.8,7.5,238.3333,11.699
2026-06-24 06:00:00+00:00,413.95,440.44,25976.92,8.2,21.15,8.6667,391.5,7.027
2026-06-24 07:00:00+00:00,92.19,339.05,37145.67,5.8167,23.55,13.6667,537.6667,7.917
2026-06-24 08:00:00+00:00,94.3,319.81,45698.64,3.7667,25.65,7.3333,662.3333,7.762
2026-06-24 09:00:00+00:00,169.41,327.89,51700.66,5.25,28.2667,11.8333,769.6667,8.384
2026-06-24 10:00:00+00:00,248.71,299.26,54992.55,6.1,29.7667,2.6667,815.8333,9.063
2026-06-24 11:00:00+00:00,369.72,222.96,55619.04,7.1833,30.9167,18.0,830.0,8.565
2026-06-24 12:00:00+00:00,488.3,204.57,53888.88,7.0333,31.8,9.1667,801.6667,8.792
2026-06-24 13:00:00+00:00,576.62,158.06,49118.88,7.85,32.3833,7.0,718.1667,8.596
2026-06-24 14:00:00+00:00,689.89,79.74,42190.73,9.4833,32.7667,8.6667,637.8333,9.462
2026-06-24 15:00:00+00:00,786.13,67.21,32980.57,12.5833,32.85,11.8333,501.8333,8.328
2026-06-24 16:00:00+00:00,875.19,180.88,20873.86,11.7833,32.4167,0.6667,366.1667,8.492
2026-06-24 17:00:00+00:00,875.12,497.39,9506.79,11.9667,32.1167,0.0,214.3333,10.205
2026-06-24 18:00:00+00:00,1010.86,646.62,2933.59,11.2833,31.2,15.8333,83.3333,11.431
2026-06-24 19:00:00+00:00,1381.13,692.47,384.69,14.4,28.95,10.6667,10.3333,10.85
2026-06-24 20:00:00+00:00,1646.97,796.29,86.1,16.45,26.55,5.6667,0.0,11.533
2026-06-24 21:00:00+00:00,1930.38,821.43,33.81,17.9,24.9,10.0,0.0,13.629
2026-06-24 22:00:00+00:00,1909.79,672.36,26.45,16.1667,23.7333,16.6667,0.0,14.55
2026-06-24 23:00:00+00:00,1703.29,782.45,23.16,16.1,22.5667,29.0,0.0,19.381
2026-06-25 00:00:00+00:00,1448.4,815.64,22.56,13.4,22.0,9.6667,0.0,20.328
2026-06-25 01:00:00+00:00,1369.82,708.94,22.48,13.35,21.05,13.0,0.0,18.24
2026-06-25 02:00:00+00:00,1460.69,867.15,27.75,13.1667,20.25,24.5,0.0,19.178
2026-06-25 03:00:00+00:00,1914.87,1175.91,731.18,11.6667,19.2333,27.3333,17.3333,19.297
2026-06-25 04:00:00+00:00,2169.07,1407.91,4542.31,11.9667,19.0,42.1667,92.5,18.929
2026-06-25 05:00:00+00:00,1809.87,1355.12,12922.54,11.6833,20.2167,33.6667,212.1667,18.557
2026-06-25 06:00:00+00:00,1060.74,1065.71,25066.51,10.1167,22.7833,27.1667,375.0,17.967
2026-06-25 07:00:00+00:00,794.96,808.16,36717.5,7.9333,24.7,16.3333,536.6667,18.684
2026-06-25 08:00:00+00:00,993.12,729.1,45544.48,8.7167,26.8833,9.5,673.8333,17.901
2026-06-25 09:00:00+00:00,1574.27,800.01,51897.18,9.65,28.8333,4.6667,775.1667,17.222
2026-06-25 10:00:00+00:00,2032.57,888.26,54535.78,12.1333,30.1333,1.0,834.5,17.773
2026-06-25 11:00:00+00:00,2303.28,1112.52,54628.65,13.2667,31.3167,3.0,813.1667,17.304
2026-06-25 12:00:00+00:00,2382.41,1123.49,52807.88,14.6833,31.7833,4.0,818.3333,17.025
2026-06-25 13:00:00+00:00,2638.5,914.19,48853.15,13.35,32.2333,17.1667,728.6667,20.227
2026-06-25 14:00:00+00:00,3029.79,1307.27,42249.96,16.45,32.3667,23.8333,628.6667,19.833
2026-06-25 15:00:00+00:00,3379.52,1294.62,33047.89,15.8833,32.25,14.8333,504.1667,19.95
2026-06-25 16:00:00+00:00,3930.16,1242.42,21112.15,15.3667,31.7667,1.0,363.8333,20.404
2026-06-25 17:00:00+00:00,4909.8,1270.78,9630.45,16.9,31.1333,1.3333,213.6667,19.775
2026-06-25 18:00:00+00:00,5994.28,1315.14,2908.91,17.9167,30.0833,2.3333,84.5,18.787
2026-06-25 19:00:00+00:00,8190.2,1268.38,387.22,19.1,28.05,0.0,10.5,18.647
2026-06-25 20:00:00+00:00,9331.6,1392.11,71.19,18.3833,25.65,1.0,0.0,18.367
2026-06-25 21:00:00+00:00,9366.77,1391.78,52.58,18.4167,23.2667,4.0,0.0,18.229
2026-06-25 22:00:00+00:00,8734.3,1360.63,31.48,16.85,21.9667,18.0,0.0,17.327
2026-06-25 23:00:00+00:00,8017.8,1233.27,22.59,15.5333,21.0167,13.6667,0.0,17.336
2026-06-26 00:00:00+00:00,7624.71,1281.82,23.66,15.35,19.9,16.6667,0.0,18.751
2026-06-26 01:00:00+00:00,7374.17,1390.83,26.03,15.3,19.1,14.5,0.0,18.806
2026-06-26 02:00:00+00:00,7640.12,1604.34,29.05,14.05,18.4167,13.1667,0.0,18.057
2026-06-26 03:00:00+00:00,8134.71,1646.48,768.62,15.0,17.7,18.6667,19.8333,18.549
2026-06-26 04:00:00+00:00,7503.49,1939.84,4715.75,14.7167,17.95,21.3333,105.5,16.227
2026-06-26 05:00:00+00:00,5685.29,2309.88,13345.1,13.8667,19.3,26.6667,238.0,16.404
2026-06-26 06:00:00+00:00,3023.77,2955.78,25720.45,13.1667,22.8,25.0,390.1667,17.724
2026-06-26 07:00:00+00:00,1852.38,2767.2,36301.18,9.5833,25.1667,32.1667,536.5,18.731
2026-06-26 08:00:00+00:00,1412.4,2410.78,45523.29,9.2667,27.6667,46.1667,668.6667,17.714
2026-06-26 09:00:00+00:00,1512.21,2438.93,51636.04,9.1833,30.2167,9.0,779.3333,20.532
2026-06-26 10:00:00+00:00,1996.83,2678.88,54582.44,10.4667,32.1833,16.6667,838.5,18.334
2026-06-26 11:00:00+00:00,2679.1,3156.54,54385.89,13.8167,33.6,25.1667,847.1667,17.878
2026-06-26 12:00:00+00:00,3525.79,2783.39,52548.97,13.0667,34.1333,19.1667,824.5,15.294
2026-06-26 13:00:00+00:00,3237.92,1700.7,48794.83,13.9167,34.6667,16.8333,734.1667,12.344
2026-06-26 14:00:00+00:00,2411.62,1662.14,42163.11,14.2333,35.35,25.0,645.1667,12.337
2026-06-26 15:00:00+00:00,1748.14,1719.38,32747.82,10.7,35.4333,0.0,519.8333,14.736
2026-06-26 16:00:00+00:00,1612.56,1666.15,20298.97,12.3,35.2333,3.6667,369.5,14.059
2026-06-26 17:00:00+00:00,2165.95,1824.54,9021.07,13.3,34.5333,6.5,214.3333,12.207
2026-06-26 18:00:00+00:00,3810.31,2141.99,2771.13,13.3667,33.4833,3.5,86.1667,13.594
2026-06-26 19:00:00+00:00,6660.53,2277.36,368.89,18.65,31.0,20.0,10.3333,14.051
2026-06-26 20:00:00+00:00,9874.1,2336.29,58.62,20.9167,28.4,29.5,0.0,14.102
2026-06-26 21:00:00+00:00,11903.71,2209.11,39.77,21.0833,27.0667,30.1667,0.0,15.599
2026-06-26 22:00:00+00:00,12560.6,1801.07,36.66,23.6167,25.4333,47.1667,0.0,13.284
2026-06-26 23:00:00+00:00,11871.98,1906.55,34.43,19.9667,24.25,50.0,0.0,13.073
2026-06-27 00:00:00+00:00,10442.33,1629.06,33.78,15.5833,23.4333,50.3333,0.0,14.197
2026-06-27 01:00:00+00:00,8897.35,1377.94,33.58,16.3833,23.0333,52.0,0.0,13.51
2026-06-27 02:00:00+00:00,7506.75,983.39,37.43,16.7667,21.2167,61.3333,0.0,9.596
2026-06-27 03:00:00+00:00,6414.1,646.46,790.53,13.8167,21.0,25.5,19.5,6.227
2026-06-27 04:00:00+00:00,5209.11,503.22,4641.99,14.1667,20.9833,58.5,88.0,9.53
2026-06-27 05:00:00+00:00,3443.77,366.64,12994.71,10.5667,21.9,51.0,225.3333,8.238
2026-06-27 06:00:00+00:00,1578.31,305.27,24812.97,10.8,24.9833,27.3333,383.8333,10.145
2026-06-27 07:00:00+00:00,557.62,251.43,34437.13,10.0667,27.3167,50.0,516.3333,6.9
2026-06-27 08:00:00+00:00,342.31,52.71,42752.64,10.5833,29.2,49.1667,609.6667,5.164
2026-06-27 09:00:00+00:00,473.0,264.38,48744.92,6.1,32.5167,49.0,734.0,10.135
2026-06-27 10:00:00+00:00,816.23,461.11,52181.12,7.8333,33.9667,43.5,789.1667,8.433
2026-06-27 11:00:00+00:00,1440.13,266.74,52106.29,8.7,35.6333,23.6667,845.3333,9.346
2026-06-27 12:00:00+00:00,3490.02,79.89,49013.87,7.75,36.8833,43.8333,798.5,11.221
2026-06-27 13:00:00+00:00,3116.45,178.83,44297.44,7.4833,37.2333,58.3333,709.1667,8.797
2026-06-27 14:00:00+00:00,2422.6,122.59,37552.73,14.0,35.1667,50.0,529.5,10.04
2026-06-27 15:00:00+00:00,2717.69,277.29,28783.17,14.5167,35.3667,45.0,436.5,3.694
2026-06-27 16:00:00+00:00,2716.04,196.01,18020.49,14.5667,34.3,34.6667,282.3333,5.552
2026-06-27 17:00:00+00:00,3614.95,203.7,8270.65,16.2833,33.1833,61.3333,145.8333,8.396
2026-06-27 18:00:00+00:00,6068.97,104.0,2561.67,19.3,31.7667,60.6667,62.3333,5.414
2026-06-27 19:00:00+00:00,7564.31,277.45,370.05,18.0333,29.75,65.6667,6.3333,9.756
2026-06-27 20:00:00+00:00,9602.26,378.15,93.16,20.7667,27.7167,59.3333,0.0,11.693
2026-06-27 21:00:00+00:00,12410.64,265.41,57.83,19.7333,26.2667,54.8333,0.0,5.744
2026-06-27 22:00:00+00:00,13150.24,430.1,54.07,21.0667,25.3333,57.3333,0.0,11.76
2026-06-27 23:00:00+00:00,14259.29,967.65,31.39,18.4167,23.9833,66.8333,0.0,11.573
2026-06-28 00:00:00+00:00,15629.87,2472.4,34.07,22.9,23.7833,66.8333,0.0,12.73
2026-06-28 01:00:00+00:00,16328.5,2406.43,33.21,26.4,23.0667,60.3333,0.0,29.539
2026-06-28 02:00:00+00:00,15409.53,2409.85,43.43,26.7833,22.4667,58.3333,0.0,23.176
2026-06-28 03:00:00+00:00,14208.09,3758.89,580.32,21.3167,21.5833,55.1667,15.6667,17.576
2026-06-28 04:00:00+00:00,11845.84,3294.57,3948.23,18.0333,21.2667,77.0,78.1667,32.799
2026-06-28 05:00:00+00:00,10251.77,3859.5,11234.86,16.1167,22.2333,55.3333,188.0,20.834
2026-06-28 06:00:00+00:00,5374.58,3656.57,22459.33,18.7,23.9333,54.6667,313.5,27.114
2026-06-28 07:00:00+00:00,2926.84,3542.09,32832.6,12.75,25.4667,52.5,437.8333,29.295
2026-06-28 08:00:00+00:00,2272.88,3413.32,40656.11,8.7,27.2,42.0,642.6667,28.636
2026-06-28 09:00:00+00:00,2516.3,3433.18,44973.9,11.45,29.6833,37.6667,730.3333,32.528
2026-06-28 10:00:00+00:00,2955.84,3267.69,46507.77,13.35,31.45,35.6667,820.5,28.698
2026-06-28 11:00:00+00:00,3379.31,2398.58,46181.46,14.5333,32.45,17.3333,832.8333,26.913
2026-06-28 12:00:00+00:00,3390.85,1846.06,45195.06,19.0333,33.1,34.1667,761.8333,23.905
2026-06-28 13:00:00+00:00,4428.92,1475.13,41926.65,21.4667,33.7667,12.6667,725.5,23.537
2026-06-28 14:00:00+00:00,6538.64,2062.85,36019.85,19.5167,33.9167,21.3333,582.1667,22.997
2026-06-28 15:00:00+00:00,8165.2,2497.9,27421.97,21.4167,33.4833,32.3333,461.5,20.776
2026-06-28 16:00:00+00:00,8003.41,2422.37,17043.41,20.7333,32.6667,49.8333,241.1667,18.516
2026-06-28 17:00:00+00:00,7172.05,2086.65,8109.91,19.35,31.7167,72.3333,141.1667,18.324
2026-06-28 18:00:00+00:00,6628.4,1451.81,2612.31,21.4833,29.85,57.0,57.8333,19.042
2026-06-28 19:00:00+00:00,6889.9,1351.61,362.71,19.3,27.5667,57.5,8.1667,17.412
2026-06-28 20:00:00+00:00,6847.31,1628.56,112.2,20.8333,25.9167,64.0,0.0,18.086
2026-06-28 21:00:00+00:00,7027.95,1579.07,55.12,17.6667,24.4167,64.1667,0.0,18.262
2026-06-28 22:00:00+00:00,5870.27,1662.28,32.63,22.4,23.7833,76.0,0.0,16.828
2026-06-28 23:00:00+00:00,5379.66,966.37,28.02,15.8,22.7,50.1667,0.0,16.55
2026-06-29 00:00:00+00:00,4915.48,757.09,25.13,13.0833,21.6333,55.6667,0.0,16.237
2026-06-29 01:00:00+00:00,5266.76,846.2,25.34,13.2667,21.2167,54.6667,0.0,14.039
2026-06-29 02:00:00+00:00,5845.16,791.66,29.47,13.2333,20.6167,63.5,0.0,15.907
2026-06-29 03:00:00+00:00,6361.68,792.67,538.25,14.5,20.1667,99.8333,13.0,16.397
2026-06-29 04:00:00+00:00,6024.63,894.76,2677.41,14.9333,20.2667,94.5,39.8333,18.986
2026-06-29 05:00:00+00:00,5679.55,703.87,6190.32,14.65,20.7833,97.3333,80.8333,17.527
2026-06-29 06:00:00+00:00,5611.17,606.7,11537.69,12.7667,21.4167,99.1667,157.6667,15.253
2026-06-29 07:00:00+00:00,6198.04,443.86,17969.97,11.8667,21.9667,96.8333,279.1667,16.308
2026-06-29 08:00:00+00:00,6082.24,433.8,24548.55,10.4167,22.9333,87.0,358.3333,15.069
2026-06-29 09:00:00+00:00,5372.47,604.78,29855.56,10.3,23.35,93.8333,450.1667,13.371
2026-06-29 10:00:00+00:00,4753.02,777.5,34360.38,11.5,24.2833,94.6667,486.0,15.723
2026-06-29 11:00:00+00:00,4490.51,371.68,38370.47,14.3333,24.95,93.0,530.5,12.113
2026-06-29 12:00:00+00:00,4046.41,429.44,40232.01,18.5833,25.5833,97.8333,621.5,13.646
2026-06-29 13:00:00+00:00,4200.79,316.13,38975.65,17.35,26.1667,70.0,651.3333,12.429
2026-06-29 14:00:00+00:00,4568.2,293.12,34466.89,16.5667,26.75,71.6667,516.1667,10.867
2026-06-29 15:00:00+00:00,4363.82,324.38,26379.82,17.9167,26.6833,54.8333,401.1667,12.883
2026-06-29 16:00:00+00:00,4407.8,420.41,17475.96,17.3167,26.1167,57.8333,296.3333,12.921
2026-06-29 17:00:00+00:00,4370.34,505.07,8972.3,18.8333,25.6167,51.1667,168.6667,17.275
2026-06-29 18:00:00+00:00,4037.28,550.66,3052.35,18.45,24.4,57.0,74.1667,16.487
2026-06-29 19:00:00+00:00,4009.0,547.32,489.46,20.9333,23.4,51.5,10.3333,14.179
2026-06-29 20:00:00+00:00,3963.05,476.83,59.77,18.8,22.05,62.8333,0.0,12.509
2026-06-29 21:00:00+00:00,3999.19,303.66,43.34,18.7667,20.8833,46.8333,0.0,8.896
2026-06-29 22:00:00+00:00,3949.46,188.56,27.5,16.6167,19.7333,58.0,0.0,6.002
2026-06-29 23:00:00+00:00,3897.72,123.75,25.7,14.3,18.75,51.8333,0.0,7.338
2026-06-30 00:00:00+00:00,4144.4,34.69,24.76,13.1833,18.1667,44.1667,0.0,6.553
2026-06-30 01:00:00+00:00,4070.68,12.07,25.05,11.6167,17.8,47.6667,0.0,6.613
2026-06-30 02:00:00+00:00,4103.95,5.41,37.03,10.4,17.1667,25.0,0.0,4.141
2026-06-30 03:00:00+00:00,4571.86,3.58,565.02,11.1333,16.7,53.0,16.3333,2.79
2026-06-30 04:00:00+00:00,4651.48,43.16,3859.77,11.3833,16.6167,76.0,86.6667,3.256
2026-06-30 05:00:00+00:00,3112.3,53.71,10621.31,11.3667,17.6333,73.5,199.5,3.695
2026-06-30 06:00:00+00:00,1589.39,41.76,19843.93,9.6,19.35,65.0,346.5,2.848
2026-06-30 07:00:00+00:00,1388.14,29.81,29045.53,7.25,21.1667,66.3333,493.1667,5.14
2026-06-30 08:00:00+00:00,1289.2,155.81,36117.51,7.4833,22.7167,67.1667,561.8333,9.656
2026-06-30 09:00:00+00:00,1049.17,441.91,41137.06,8.2833,24.0667,80.6667,559.8333,10.418
2026-06-30 10:00:00+00:00,991.92,629.37,44044.71,7.0333,25.4,81.1667,588.5,13.75
2026-06-30 11:00:00+00:00,1150.67,905.35,43505.92,7.2333,25.8667,90.0,501.6667,17.459
2026-06-30 12:00:00+00:00,1338.68,636.34,39759.74,7.9167,26.2833,91.6667,553.6667,13.292
2026-06-30 13:00:00+00:00,2030.0,469.27,35053.49,9.0667,27.1667,95.8333,529.8333,14.654
2026-06-30 14:00:00+00:00,3051.17,270.43,28606.96,10.65,26.9667,79.0,434.5,12.019
2026-06-30 15:00:00+00:00,3882.61,240.59,20785.46,13.1167,26.1167,90.0,214.6667,9.493
2026-06-30 16:00:00+00:00,3998.98,407.34,13139.22,22.6333,25.1167,82.8333,152.8333,9.11
2026-06-30 17:00:00+00:00,4908.54,711.37,6210.39,16.5167,23.6667,99.6667,97.0,10.411
2026-06-30 18:00:00+00:00,5593.96,667.47,2017.79,12.8167,22.15,99.8333,40.5,15.423
2026-06-30 19:00:00+00:00,5180.79,674.73,284.38,17.0333,21.4,98.5,3.8333,15.406
2026-06-30 20:00:00+00:00,5009.49,716.23,74.75,13.0167,20.3167,76.8333,0.0,16.832
2026-06-30 21:00:00+00:00,4528.32,619.38,63.0,12.1667,19.5333,92.5,0.0,14.502
2026-06-30 22:00:00+00:00,4498.79,803.61,0.0,10.9833,19.0333,82.8333,0.0,17.961
2026-06-30 23:00:00+00:00,4474.67,606.55,0.0,8.2,18.6333,88.6667,0.0,18.312
2026-07-01 00:00:00+00:00,4085.61,428.03,0.0,11.5833,17.95,97.8333,0.0,19.681
2026-07-01 01:00:00+00:00,3700.06,404.82,0.0,8.1,17.9,89.0,0.0,20.355
2026-07-01 02:00:00+00:00,3580.07,397.19,2.37,12.15,17.5167,99.3333,0.0,19.371
2026-07-01 03:00:00+00:00,4215.48,489.24,339.3,11.0,17.0167,96.3333,9.0,16.83
2026-07-01 04:00:00+00:00,4141.24,563.8,2122.37,10.7167,17.2167,70.8333,59.8333,17.595
2026-07-01 05:00:00+00:00,3551.25,658.79,5500.81,8.8333,17.7667,79.3333,135.5,19.203
2026-07-01 06:00:00+00:00,2931.16,650.78,11085.87,11.4333,18.45,83.6667,214.8333,19.26
2026-07-01 07:00:00+00:00,2712.82,626.25,16723.78,11.8833,19.4167,79.8333,297.8333,17.778
2026-07-01 08:00:00+00:00,2866.24,564.4,21941.36,12.4,20.05,76.3333,383.6667,17.203
2026-07-01 09:00:00+00:00,3110.15,488.9,26823.57,12.0,21.0667,77.5,456.0,16.871
2026-07-01 10:00:00+00:00,3187.35,391.72,30832.22,11.4167,21.7167,81.0,495.1667,16.658
2026-07-01 11:00:00+00:00,3642.14,324.87,34564.85,13.3,22.55,64.8333,551.6667,13.794
2026-07-01 12:00:00+00:00,4797.48,385.52,34562.28,14.8,22.6,65.3333,540.6667,13.675
2026-07-01 13:00:00+00:00,6070.43,367.4,32946.87,15.2333,23.4667,73.1667,522.3333,12.47
2026-07-01 14:00:00+00:00,6654.87,398.07,28940.55,15.9167,23.4333,80.0,401.5,12.871
2026-07-01 15:00:00+00:00,6948.35,477.48,23459.11,14.2833,23.2,62.1667,351.3333,9.957
2026-07-01 16:00:00+00:00,7570.97,536.36,16520.61,12.7,23.15,66.5,262.0,10.549
2026-07-01 17:00:00+00:00,8033.76,488.52,8984.41,15.5167,22.8667,64.5,156.6667,13.176
2026-07-01 18:00:00+00:00,6485.87,617.95,3103.07,16.0833,22.1167,62.1667,68.3333,11.758
2026-07-01 19:00:00+00:00,5328.79,725.23,352.51,16.6667,20.9333,42.5,9.8333,11.359
2026-07-01 20:00:00+00:00,4134.61,421.64,10.36,18.6,19.3333,41.1667,0.0,12.268
2026-07-01 21:00:00+00:00,3416.31,360.9,0.0,15.15,18.3167,43.5,0.0,14.518
2026-07-01 22:00:00+00:00,2666.32,668.86,0.0,13.8667,17.25,28.3333,0.0,15.706
2026-07-01 23:00:00+00:00,2335.04,1461.43,0.0,11.2833,16.7,31.0,0.0,18.313
2026-07-02 00:00:00+00:00,2389.14,2580.78,0.0,10.3333,15.6333,23.5,0.0,21.703
2026-07-02 01:00:00+00:00,2709.24,3785.66,0.0,7.2667,14.95,41.3333,0.0,29.075
2026-07-02 02:00:00+00:00,3855.49,4849.09,10.18,9.3,14.4,44.1667,0.0,31.691
2026-07-02 03:00:00+00:00,6043.21,5599.19,692.0,12.35,13.9167,48.0,17.0,34.673
2026-07-02 04:00:00+00:00,7858.0,5518.49,4663.63,16.7667,14.0833,42.1667,91.8333,36.584
2026-07-02 05:00:00+00:00,8307.92,4715.32,12978.27,17.2167,15.0833,47.0,194.6667,38.076
2026-07-02 06:00:00+00:00,9194.56,4225.63,24776.52,16.6333,17.1833,28.3333,344.8333,40.299
2026-07-02 07:00:00+00:00,11432.36,4186.43,35668.0,17.4333,18.9333,39.6667,473.0,45.415
2026-07-02 08:00:00+00:00,12153.74,4657.07,41555.41,20.4667,20.5,39.5,559.8333,44.607
2026-07-02 09:00:00+00:00,15841.71,3747.26,42074.03,22.65,22.4167,35.8333,638.8333,41.385
2026-07-02 10:00:00+00:00,18901.26,3543.01,41609.92,26.6167,23.7333,86.6667,444.8333,41.733
2026-07-02 11:00:00+00:00,19607.26,3315.26,39585.9,28.25,23.65,74.6667,496.8333,43.289
2026-07-02 12:00:00+00:00,19745.71,2801.49,36667.84,29.2333,23.4333,63.8333,443.6667,40.158
2026-07-02 13:00:00+00:00,20669.58,3314.39,32375.42,29.3833,23.2167,94.8333,340.8333,42.882
2026-07-02 14:00:00+00:00,23545.26,3785.9,28015.03,31.9,23.05,65.1667,397.3333,40.729
2026-07-02 15:00:00+00:00,27141.49,5277.27,22063.99,29.5833,23.2333,54.6667,342.5,46.336
2026-07-02 16:00:00+00:00,30983.29,2536.98,14386.8,33.7,23.0667,53.3333,249.6667,46.464
2026-07-02 17:00:00+00:00,30480.9,3229.28,7002.78,32.2667,22.5333,70.6667,135.3333,49.792
2026-07-02 18:00:00+00:00,27708.71,3360.21,2311.36,31.35,21.1833,65.6667,54.8333,47.007
2026-07-02 19:00:00+00:00,26102.57,3374.33,255.76,30.8333,20.15,53.1667,9.3333,50.773
2026-07-02 20:00:00+00:00,23873.32,4090.81,9.73,30.9333,18.7667,45.6667,0.0,49.628
2026-07-02 21:00:00+00:00,22869.34,4213.5,0.0,27.4333,17.8167,43.1667,0.0,48.631
2026-07-02 22:00:00+00:00,23058.82,5729.14,0.0,27.7167,17.2333,56.6667,0.0,47.959
2026-07-02 23:00:00+00:00,22827.48,5242.68,0.0,31.2,16.9667,46.0,0.0,48.206
2026-07-03 00:00:00+00:00,22148.86,5188.85,0.0,28.4833,16.8,63.3333,0.0,45.603
2026-07-03 01:00:00+00:00,21750.61,5012.93,0.0,28.75,16.3,41.1667,0.0,43.263
2026-07-03 02:00:00+00:00,21798.42,4962.51,9.62,29.1167,15.8,43.8333,0.0,41.888
2026-07-03 03:00:00+00:00,22046.68,5503.04,653.16,29.6,15.25,49.5,16.5,46.712
2026-07-03 04:00:00+00:00,21836.1,5092.73,4529.34,29.65,14.9667,34.6667,95.8333,46.81
2026-07-03 05:00:00+00:00,21134.73,3780.1,12712.17,25.7833,15.2667,46.6667,210.0,44.779
2026-07-03 06:00:00+00:00,20857.58,2651.14,23163.13,25.3833,16.35,40.8333,368.1667,43.757
2026-07-03 07:00:00+00:00,24151.94,2519.22,32274.95,28.3167,17.4833,30.6667,497.1667,45.138
2026-07-03 08:00:00+00:00,23577.01,2345.97,37136.59,28.9,18.6,65.5,552.5,45.997
2026-07-03 09:00:00+00:00,22033.21,2435.72,39379.29,28.5,19.35,85.6667,598.5,45.477
2026-07-03 10:00:00+00:00,21140.9,1663.04,41838.1,29.95,20.1333,77.3333,677.3333,44.159
2026-07-03 11:00:00+00:00,19747.26,1206.46,42655.68,30.9833,21.1,74.6667,645.5,40.831
2026-07-03 12:00:00+00:00,18546.31,800.39,41658.06,28.6167,21.1667,67.1667,658.0,41.453
2026-07-03 13:00:00+00:00,18644.85,1404.71,39235.67,30.6667,21.9,59.8333,622.1667,40.668
2026-07-03 14:00:00+00:00,20794.89,1847.51,34789.62,29.8667,22.1833,47.3333,560.1667,37.961
2026-07-03 15:00:00+00:00,24094.12,1909.67,28576.57,29.0333,22.0833,56.0,451.5,40.146
2026-07-03 16:00:00+00:00,25422.17,2183.86,19974.67,28.4,21.8333,56.6667,329.3333,42.922
2026-07-03 17:00:00+00:00,22424.45,2951.01,9745.96,29.6333,21.4667,51.6667,187.6667,39.607
2026-07-03 18:00:00+00:00,19493.57,2941.11,2960.24,25.25,20.6833,55.1667,75.1667,31.616
2026-07-03 19:00:00+00:00,17840.49,3388.2,228.42,25.5833,19.3667,48.8333,9.8333,30.226
2026-07-03 20:00:00+00:00,15963.8,3476.99,0.97,25.7,17.55,40.6667,0.0,26.248
2026-07-03 21:00:00+00:00,14395.68,3540.02,0.0,23.9333,15.7667,43.3333,0.0,29.945
2026-07-03 22:00:00+00:00,13107.28,3685.06,0.0,22.65,15.0167,40.0,0.0,34.2
2026-07-03 23:00:00+00:00,12365.5,3999.88,0.0,19.5667,14.1833,54.5,0.0,28.877
2026-07-04 00:00:00+00:00,11646.97,3961.1,0.0,17.9667,13.2333,60.3333,0.0,32.832
2026-07-04 01:00:00+00:00,11415.75,3925.55,0.0,17.4667,12.65,35.6667,0.0,31.064
2026-07-04 02:00:00+00:00,11703.94,4194.88,2.89,18.2,12.1167,32.3333,0.0,26.993
2026-07-04 03:00:00+00:00,11780.61,4098.08,577.64,19.4333,12.0167,41.0,14.3333,30.994
2026-07-04 04:00:00+00:00,11084.61,3645.27,4396.7,18.8167,12.0667,61.1667,81.0,26.212
2026-07-04 05:00:00+00:00,9586.92,2566.76,11920.84,17.5667,12.9667,49.6667,192.0,24.425
2026-07-04 06:00:00+00:00,8880.46,2257.75,21765.68,16.2833,14.8833,51.1667,306.8333,23.759
2026-07-04 07:00:00+00:00,8612.36,1817.97,30857.6,16.85,16.7167,64.5,374.5,21.084
2026-07-04 08:00:00+00:00,7649.73,822.86,36354.11,19.4833,18.1,63.0,440.5,18.466
2026-07-04 09:00:00+00:00,6563.71,962.7,39884.73,22.2833,19.5167,55.0,539.1667,14.006
2026-07-04 10:00:00+00:00,6219.02,1245.51,41614.68,23.15,20.6667,66.3333,530.8333,18.176
2026-07-04 11:00:00+00:00,7232.9,1244.79,39963.06,25.95,21.4833,50.0,534.1667,30.811
2026-07-04 12:00:00+00:00,7837.74,1753.01,37602.87,25.7167,21.75,69.1667,465.5,28.097
2026-07-04 13:00:00+00:00,8778.38,1982.0,33713.15,26.1,22.3,61.0,463.1667,32.953
2026-07-04 14:00:00+00:00,11518.85,2836.83,27995.56,27.3167,22.5667,52.8333,400.0,33.806
2026-07-04 15:00:00+00:00,16983.12,5486.11,22945.76,29.95,22.2833,69.1667,282.3333,36.238
2026-07-04 16:00:00+00:00,19716.2,6145.09,14963.82,26.95,22.1,52.6667,210.0,39.208
2026-07-04 17:00:00+00:00,19177.56,5961.6,7112.57,26.7667,21.3833,74.8333,122.0,31.298
2026-07-04 18:00:00+00:00,17162.05,5716.83,2051.04,26.7833,20.7167,57.5,48.1667,27.893
2026-07-04 19:00:00+00:00,15848.43,5170.71,135.37,26.25,19.55,66.8333,3.0,30.873
2026-07-04 20:00:00+00:00,14030.94,6116.5,0.71,24.5667,18.2667,68.1667,0.0,30.987
2026-07-04 21:00:00+00:00,14094.77,6804.2,0.0,20.9333,17.3667,68.3333,0.0,32.834
2026-07-04 22:00:00+00:00,15696.05,6455.4,0.0,22.1,16.7167,66.0,0.0,35.48
2026-07-04 23:00:00+00:00,18232.52,6129.68,0.0,24.2667,16.6667,76.8333,0.0,33.295
2026-07-05 00:00:00+00:00,19023.94,5619.0,0.0,26.9,16.2833,77.0,0.0,30.209
2026-07-05 01:00:00+00:00,18628.71,5090.96,0.0,27.95,16.25,81.0,0.0,33.724
2026-07-05 02:00:00+00:00,19174.49,4521.2,0.86,25.8667,16.25,69.0,0.0,31.884
2026-07-05 03:00:00+00:00,19548.23,3607.7,266.78,25.1833,15.8667,77.5,10.0,28.201
2026-07-05 04:00:00+00:00,19471.85,2875.72,2629.32,25.2833,15.6667,76.3333,65.3333,27.674
2026-07-05 05:00:00+00:00,19469.41,1933.3,7542.09,25.2167,16.3167,83.5,112.8333,24.094
2026-07-05 06:00:00+00:00,20206.52,2439.52,14367.19,26.6667,17.3333,89.0,202.3333,24.37
2026-07-05 07:00:00+00:00,21053.2,3020.22,21518.18,25.3333,18.6833,73.8333,307.0,27.597
2026-07-05 08:00:00+00:00,20792.42,2589.62,26295.45,26.3,19.6833,83.1667,382.6667,25.206
2026-07-05 09:00:00+00:00,20663.43,2409.84,28866.47,26.5,20.4167,81.5,432.0,21.215
2026-07-05 10:00:00+00:00,21456.79,2071.5,30593.44,30.0667,21.55,84.0,474.8333,22.211
2026-07-05 11:00:00+00:00,20411.56,1972.99,31208.65,28.8833,21.9,85.6667,520.8333,21.883
2026-07-05 12:00:00+00:00,18255.9,1526.76,30686.73,25.1333,22.2167,91.0,512.5,21.341
2026-07-05 13:00:00+00:00,17915.18,1767.26,28099.4,27.6833,22.35,92.8333,440.6667,22.008
2026-07-05 14:00:00+00:00,19412.96,1735.8,24765.44,29.3,22.2,99.3333,348.5,22.59
2026-07-05 15:00:00+00:00,20847.46,2395.15,19882.93,28.1333,21.1667,95.1667,246.3333,24.773
2026-07-05 16:00:00+00:00,20900.09,2183.81,13521.42,24.3167,20.0,91.0,193.1667,22.199
2026-07-05 17:00:00+00:00,19559.89,2456.36,7103.74,23.35,19.9833,84.0,127.1667,23.663
2026-07-05 18:00:00+00:00,16339.73,2685.3,2359.84,23.45,19.45,83.3333,50.6667,24.157
2026-07-05 19:00:00+00:00,13664.05,2483.39,188.35,21.6667,18.4833,76.1667,5.5,23.2
2026-07-05 20:00:00+00:00,12383.2,2258.19,0.76,21.1,17.7167,91.5,0.0,21.838
2026-07-05 21:00:00+00:00,12071.99,2373.5,0.0,20.8833,16.8333,78.1667,0.0,24.945
2026-07-05 22:00:00+00:00,11749.21,2815.53,0.0,21.95,16.25,86.1667,0.0,23.104
2026-07-05 23:00:00+00:00,10835.77,3256.27,0.0,19.05,15.7333,84.1667,0.0,25.979
2026-07-06 00:00:00+00:00,9646.11,3506.52,0.0,20.2333,15.25,86.3333,0.0,29.544
2026-07-06 01:00:00+00:00,9478.69,3569.14,0.0,18.8833,14.9833,93.3333,0.0,31.419
2026-07-06 02:00:00+00:00,9975.08,4541.43,1.46,19.7,14.95,95.3333,0.0,32.336
2026-07-06 03:00:00+00:00,10699.01,6142.16,393.64,18.8667,14.75,90.8333,8.8333,31.445
2026-07-06 04:00:00+00:00,11830.75,6455.48,3052.32,20.0,14.6333,82.6667,49.1667,33.716
2026-07-06 05:00:00+00:00,12344.56,6734.73,8238.26,20.15,15.1333,89.8333,106.3333,37.045
2026-07-06 06:00:00+00:00,13728.11,7025.65,14503.57,20.3833,16.2833,89.6667,159.6667,34.095
2026-07-06 07:00:00+00:00,16514.73,7053.97,19665.63,20.9167,17.3,89.6667,230.6667,34.098
2026-07-06 08:00:00+00:00,18631.03,7018.88,23881.08,24.0333,18.3,88.5,275.1667,35.824
2026-07-06 09:00:00+00:00,20775.3,6907.89,27069.06,25.0167,19.5167,95.3333,250.5,35.533
2026-07-06 10:00:00+00:00,21646.92,5742.9,29996.88,26.7667,19.9333,99.8333,313.1667,36.118
2026-07-06 11:00:00+00:00,22881.32,5283.4,30949.84,29.8333,21.1167,99.8333,421.6667,32.699
2026-07-06 12:00:00+00:00,24676.8,5206.53,29397.37,29.9667,21.85,96.0,370.6667,36.168
2026-07-06 13:00:00+00:00,25741.48,5482.09,26286.84,30.1167,22.0,85.6667,285.8333,36.266
2026-07-06 14:00:00+00:00,27616.05,5657.65,22827.47,31.9667,22.4667,88.0,313.8333,35.778
2026-07-06 15:00:00+00:00,29491.56,6383.13,17958.21,29.45,22.6167,94.3333,198.1667,36.622
2026-07-06 16:00:00+00:00,30608.75,6549.11,11778.23,27.5,22.4,88.3333,147.3333,36.805
2026-07-06 17:00:00+00:00,29687.26,6184.02,6278.57,29.0333,22.4,81.6667,115.0,37.955
2026-07-06 18:00:00+00:00,26019.69,4870.15,2054.91,29.9,22.2833,95.3333,52.1667,34.595
2026-07-06 19:00:00+00:00,23569.92,4441.59,157.63,28.4833,21.0667,75.5,6.3333,35.838
2026-07-06 20:00:00+00:00,21776.49,4642.16,0.73,28.1,19.8667,63.8333,0.0,29.36
2026-07-06 21:00:00+00:00,22392.93,4632.09,0.0,25.8333,19.0333,68.6667,0.0,27.263
2026-07-06 22:00:00+00:00,22984.57,5150.11,0.0,26.0833,18.4833,79.8333,0.0,25.95
2026-07-06 23:00:00+00:00,23830.87,6387.85,0.0,26.15,18.2667,96.3333,0.0,30.424
2026-07-07 00:00:00+00:00,23546.22,6682.57,0.0,27.1667,17.7333,66.1667,0.0,35.934
2026-07-07 01:00:00+00:00,23838.01,6444.86,0.0,28.7333,17.4,65.3333,0.0,30.181
2026-07-07 02:00:00+00:00,23925.31,6028.7,0.44,26.9,17.0833,63.8333,0.0,32.83
2026-07-07 03:00:00+00:00,24746.47,5917.42,295.01,25.8,16.7833,78.1667,7.5,31.166
2026-07-07 04:00:00+00:00,24690.13,5162.65,2980.86,25.85,16.6833,96.8333,46.6667,32.879
2026-07-07 05:00:00+00:00,23628.08,5545.02,8083.09,25.0333,17.0833,91.6667,109.6667,34.511
2026-07-07 06:00:00+00:00,23776.3,5805.7,14905.77,24.9,18.1833,87.3333,189.3333,36.045
2026-07-07 07:00:00+00:00,24209.84,6332.14,23076.16,27.45,19.65,84.3333,257.8333,33.368
2026-07-07 08:00:00+00:00,25291.38,7263.48,30075.74,28.7167,20.95,87.5,365.6667,33.525
2026-07-07 09:00:00+00:00,25009.88,6561.05,34498.55,31.2833,22.35,98.5,449.8333,36.458
2026-07-07 10:00:00+00:00,23187.95,5652.5,35469.55,32.9833,23.45,99.8333,481.8333,36.487
2026-07-07 11:00:00+00:00,24325.83,5570.04,35031.82,35.3667,24.35,100.0,533.5,39.285
2026-07-07 12:00:00+00:00,26505.5,5377.92,31935.74,35.5333,24.8333,99.5,484.5,41.928
2026-07-07 13:00:00+00:00,32123.9,5660.38,27269.14,39.8333,25.1167,99.5,421.8333,40.597
2026-07-07 14:00:00+00:00,36112.67,5198.19,21395.65,40.7333,24.9333,99.3333,333.6667,37.374
2026-07-07 15:00:00+00:00,37358.36,4220.64,15008.76,41.7333,24.5167,97.6667,279.1667,38.542
2026-07-07 16:00:00+00:00,37866.4,2739.47,9392.7,40.9333,23.95,97.3333,176.0,37.648
2026-07-07 17:00:00+00:00,36622.39,3137.64,4710.68,42.4833,22.8833,96.0,119.8333,36.11
2026-07-07 18:00:00+00:00,33709.4,3076.16,1495.55,37.3333,22.1667,97.5,40.0,38.425
2026-07-07 19:00:00+00:00,31019.06,3472.1,123.58,35.9667,20.9,98.0,5.1667,38.282
2026-07-07 20:00:00+00:00,27633.42,4303.5,0.54,32.85,19.65,88.8333,0.0,39.875
2026-07-07 21:00:00+00:00,25940.31,4473.39,0.0,31.4333,18.9333,76.0,0.0,37.902
2026-07-07 22:00:00+00:00,24109.81,5161.15,0.0,29.1,18.05,83.3333,0.0,38.664
2026-07-07 23:00:00+00:00,22304.62,5114.6,0.0,27.6167,17.4,75.0,0.0,36.31
2026-07-08 00:00:00+00:00,19950.7,4800.72,0.0,26.8833,16.55,83.8333,0.0,33.918
2026-07-08 01:00:00+00:00,18549.14,4682.3,0.0,27.1,15.95,87.0,0.0,34.2
2026-07-08 02:00:00+00:00,17095.02,4939.53,1.73,24.4333,15.7167,81.3333,0.0,33.712
2026-07-08 03:00:00+00:00,16224.56,4790.54,370.25,22.1333,15.4,76.6667,10.6667,33.416
2026-07-08 04:00:00+00:00,14743.69,4345.68,2546.92,21.45,15.2167,76.5,60.5,33.608
2026-07-08 05:00:00+00:00,13969.97,3746.06,7252.4,21.2,15.55,72.6667,137.5,29.614
2026-07-08 06:00:00+00:00,14677.83,3350.24,13523.56,20.3667,16.4667,67.6667,252.1667,30.38
2026-07-08 07:00:00+00:00,14984.29,2202.5,20192.78,20.75,17.55,75.8333,339.6667,30.585
2026-07-08 08:00:00+00:00,14595.6,722.94,26038.93,22.5333,18.5333,80.5,467.8333,29.617
2026-07-08 09:00:00+00:00,14105.22,381.92,31438.52,23.5333,19.8,78.6667,556.5,28.057
2026-07-08 10:00:00+00:00,14379.64,251.25,35540.87,23.8833,20.5833,83.5,561.0,27.018
2026-07-08 11:00:00+00:00,14442.03,217.49,38583.99,24.7333,20.8333,82.5,573.5,28.413
2026-07-08 12:00:00+00:00,15822.76,593.69,39089.84,25.4667,21.6667,67.5,602.6667,29.024
2026-07-08 13:00:00+00:00,16696.8,867.59,37873.78,26.5167,21.9333,75.3333,561.5,29.631
2026-07-08 14:00:00+00:00,17978.74,764.51,33996.37,26.2167,22.1833,49.8333,554.6667,31.2
2026-07-08 15:00:00+00:00,19742.43,1219.72,27803.47,26.9,22.5333,61.1667,449.3333,29.683
2026-07-08 16:00:00+00:00,21350.37,3022.86,18161.66,26.4167,22.4833,57.0,316.6667,25.458
2026-07-08 17:00:00+00:00,19942.12,3190.39,8939.73,26.0,22.0667,51.1667,183.3333,24.901
2026-07-08 18:00:00+00:00,16291.72,3055.06,2843.23,25.75,21.6833,68.3333,66.5,23.07
2026-07-08 19:00:00+00:00,14062.28,3130.62,208.49,22.9667,20.4,66.8333,7.1667,24.414
2026-07-08 20:00:00+00:00,13961.84,3806.16,0.56,23.0833,18.9167,55.0,0.0,25.442
2026-07-08 21:00:00+00:00,14429.05,3306.35,0.0,20.6833,17.8833,24.6667,0.0,23.042
2026-07-08 22:00:00+00:00,14101.83,2505.59,0.0,21.3167,16.95,36.1667,0.0,23.951
2026-07-08 23:00:00+00:00,13245.47,2485.14,0.0,22.3167,15.85,43.8333,0.0,21.164
2026-07-09 00:00:00+00:00,11916.74,2904.91,0.0,20.35,15.45,39.3333,0.0,22.567
2026-07-09 01:00:00+00:00,10760.07,2755.9,0.0,18.7667,14.95,61.0,0.0,23.314
2026-07-09 02:00:00+00:00,9568.78,2462.9,1.33,19.1167,14.8167,69.6667,0.0,22.289
2026-07-09 03:00:00+00:00,8835.9,2469.58,409.77,18.2167,14.7667,70.3333,9.5,24.656
2026-07-09 04:00:00+00:00,7293.87,2312.47,3444.47,17.0,14.4333,77.0,68.1667,26.238
2026-07-09 05:00:00+00:00,5954.83,2255.46,9762.57,15.2333,15.05,68.5,145.0,26.713
2026-07-09 06:00:00+00:00,5419.08,1793.43,18088.3,15.0833,16.2333,67.8333,240.5,24.464
2026-07-09 07:00:00+00:00,5133.49,1567.95,25854.31,13.2167,17.3667,71.5,335.1667,24.507
2026-07-09 08:00:00+00:00,5327.95,1239.56,31746.95,13.7,18.3,78.0,452.3333,21.504
2026-07-09 09:00:00+00:00,5400.35,1138.84,37535.85,13.9167,19.3,73.1667,572.5,22.536
2026-07-09 10:00:00+00:00,5373.59,1051.19,42641.91,13.3167,20.65,70.1667,670.1667,23.519
2026-07-09 11:00:00+00:00,5370.43,1347.98,46023.51,14.6667,21.8,45.8333,709.3333,22.478
2026-07-09 12:00:00+00:00,5488.05,1397.08,46909.94,14.8333,22.9333,48.3333,746.6667,21.246
2026-07-09 13:00:00+00:00,5943.86,1428.86,45079.43,15.7667,23.4167,43.6667,671.1667,20.784
2026-07-09 14:00:00+00:00,6527.13,1556.12,39802.2,16.85,23.7667,43.3333,579.3333,20.688
2026-07-09 15:00:00+00:00,7056.57,1510.18,31134.52,17.65,24.0833,43.8333,477.5,20.293
2026-07-09 16:00:00+00:00,6902.12,1432.47,20468.07,18.1667,23.9333,46.6667,328.3333,14.524
2026-07-09 17:00:00+00:00,6491.03,1171.95,9771.66,18.7,23.25,34.3333,187.5,15.567
2026-07-09 18:00:00+00:00,5736.19,891.67,2813.78,17.3,22.4167,28.5,69.1667,15.263
2026-07-09 19:00:00+00:00,5486.26,680.42,197.33,17.8167,21.4,30.6667,7.0,15.841
2026-07-09 20:00:00+00:00,5712.14,554.53,0.76,17.3333,19.9833,30.3333,0.0,13.864
2026-07-09 21:00:00+00:00,6311.89,577.15,0.0,17.4,18.7333,42.8333,0.0,12.687
2026-07-09 22:00:00+00:00,6337.66,720.5,0.0,16.9,17.8333,26.5,0.0,11.687
2026-07-09 23:00:00+00:00,6048.73,724.28,0.0,18.2333,17.0167,37.6667,0.0,11.655
2026-07-10 00:00:00+00:00,5696.24,597.44,0.0,16.25,16.25,33.6667,0.0,11.108
2026-07-10 01:00:00+00:00,5077.52,305.32,0.0,13.1,15.7,31.1667,0.0,9.416
2026-07-10 02:00:00+00:00,4525.19,291.01,1.05,12.0,15.2,42.1667,0.0,10.823
2026-07-10 03:00:00+00:00,4323.79,170.82,414.95,11.5,14.6833,49.1667,10.6667,8.601
2026-07-10 04:00:00+00:00,3645.46,145.14,3792.72,12.0667,14.4,46.1667,79.0,8.429
2026-07-10 05:00:00+00:00,2079.4,124.26,11366.77,11.9,14.9,37.3333,200.5,9.634
2026-07-10 06:00:00+00:00,1167.63,71.7,22590.19,10.75,17.0,34.0,354.6667,9.251
2026-07-10 07:00:00+00:00,1120.86,38.63,33683.84,10.1,18.9833,23.5,513.0,8.502
2026-07-10 08:00:00+00:00,1458.01,18.48,43615.66,11.55,20.9,20.5,659.0,10.76
2026-07-10 09:00:00+00:00,1819.46,56.12,51974.84,11.8833,22.65,33.0,756.5,11.114
2026-07-10 10:00:00+00:00,2229.98,129.06,56281.67,12.5833,24.0,30.1667,787.0,10.5
2026-07-10 11:00:00+00:00,2709.01,74.74,56877.88,13.45,25.3167,36.5,815.6667,11.19
2026-07-10 12:00:00+00:00,3184.48,50.1,54625.21,14.0333,26.1167,29.0,769.6667,12.912
2026-07-10 13:00:00+00:00,3700.22,73.02,49650.32,15.8333,26.8833,27.5,679.8333,12.91
2026-07-10 14:00:00+00:00,4279.14,121.08,42658.74,14.9667,27.4667,31.8333,591.0,12.539
2026-07-10 15:00:00+00:00,4690.39,107.81,32412.79,16.3333,27.45,35.1667,456.1667,11.044
2026-07-10 16:00:00+00:00,5225.44,89.79,20841.15,18.0167,27.0833,26.8333,337.1667,10.895
2026-07-10 17:00:00+00:00,5683.68,152.54,9789.08,18.2667,26.7667,25.8333,211.5,11.938
2026-07-10 18:00:00+00:00,6172.88,183.76,2877.94,20.9667,26.0,18.8333,81.1667,13.109
2026-07-10 19:00:00+00:00,7309.12,137.2,220.41,22.8667,24.1833,16.5,8.6667,12.845
2026-07-10 20:00:00+00:00,8525.59,174.1,0.21,23.9833,22.2333,0.3333,0.0,12.928
2026-07-10 21:00:00+00:00,9429.69,340.87,0.0,22.35,20.95,0.3333,0.0,13.132
2026-07-10 22:00:00+00:00,8981.97,574.79,0.0,21.9667,19.8,18.0,0.0,16.785
2026-07-10 23:00:00+00:00,7688.86,509.19,0.0,18.75,18.85,20.1667,0.0,16.241
2026-07-11 00:00:00+00:00,5974.04,242.19,0.0,16.5167,17.75,28.8333,0.0,14.292
2026-07-11 01:00:00+00:00,4623.96,78.9,0.0,14.3833,16.9167,28.6667,0.0,10.749
2026-07-11 02:00:00+00:00,3644.67,59.73,1.07,11.5167,16.4667,31.1667,0.0,9.857
2026-07-11 03:00:00+00:00,3273.56,41.12,461.45,10.0833,15.8833,43.3333,10.8333,9.72
2026-07-11 04:00:00+00:00,2922.31,18.15,4152.1,10.0167,15.6,33.8333,83.5,10.047
2026-07-11 05:00:00+00:00,2265.29,10.91,12421.95,9.1667,16.25,30.1667,211.3333,11.066
2026-07-11 06:00:00+00:00,1186.54,2.95,25014.56,8.1,18.4333,18.0,375.5,9.104
2026-07-11 07:00:00+00:00,958.95,21.1,36816.57,8.2167,20.55,14.5,526.5,7.375
2026-07-11 08:00:00+00:00,1587.43,32.73,46095.02,9.0833,22.6667,16.5,659.1667,6.458
2026-07-11 09:00:00+00:00,2108.71,45.01,51867.67,11.6333,24.9333,17.6667,772.1667,6.934
2026-07-11 10:00:00+00:00,2417.2,52.92,53334.58,12.4667,26.4,0.3333,836.1667,5.023
2026-07-11 11:00:00+00:00,2662.47,77.84,53153.17,13.3833,27.5,10.5,833.8333,7.141
2026-07-11 12:00:00+00:00,2916.32,109.84,51198.77,14.5333,28.1333,28.6667,789.3333,8.389
2026-07-11 13:00:00+00:00,3321.15,131.14,46615.1,14.8833,28.8167,5.1667,750.1667,7.303
2026-07-11 14:00:00+00:00,4306.11,201.36,40820.82,14.1333,29.15,16.0,637.3333,8.497
2026-07-11 15:00:00+00:00,5965.47,469.67,32452.08,16.7833,28.9667,11.5,506.0,13.026
2026-07-11 16:00:00+00:00,7038.96,801.08,21269.88,16.75,28.6333,6.1667,362.0,12.43
2026-07-11 17:00:00+00:00,7890.43,803.25,9737.29,21.3167,28.1333,43.3333,205.8333,15.165
2026-07-11 18:00:00+00:00,7604.38,835.51,2793.1,21.0,27.2,29.3333,77.6667,16.351
2026-07-11 19:00:00+00:00,8238.73,1250.42,202.5,23.5667,25.25,0.0,8.0,17.032
2026-07-11 20:00:00+00:00,9275.16,1587.12,0.17,26.3667,23.2167,1.6667,0.0,18.519
2026-07-11 21:00:00+00:00,9730.05,1918.13,0.0,24.1833,21.8833,1.0,0.0,20.989
2026-07-11 22:00:00+00:00,9068.16,2269.18,0.0,21.6833,20.6667,1.1667,0.0,21.621
2026-07-11 23:00:00+00:00,8506.26,2656.13,0.0,23.7167,19.6333,15.1667,0.0,25.542
2026-07-12 00:00:00+00:00,8440.52,2824.31,0.0,22.15,18.75,13.6667,0.0,25.175
2026-07-12 01:00:00+00:00,8323.9,2326.7,0.0,21.9,18.1333,26.0,0.0,25.793
2026-07-12 02:00:00+00:00,8418.02,2308.52,0.32,19.0667,17.45,34.3333,0.0,26.287
2026-07-12 03:00:00+00:00,8993.32,2546.16,372.48,14.0833,16.75,36.5,10.6667,26.105
2026-07-12 04:00:00+00:00,8799.9,2556.07,3863.34,16.4667,16.5667,31.8333,87.6667,26.691
2026-07-12 05:00:00+00:00,6642.02,2648.13,12033.92,17.2833,17.2333,26.0,215.3333,26.857
2026-07-12 06:00:00+00:00,4149.07,2838.83,24822.93,12.0833,18.7667,27.8333,355.6667,26.437
2026-07-12 07:00:00+00:00,3598.46,2746.54,36097.11,12.8,21.0,27.5,520.1667,26.288
2026-07-12 08:00:00+00:00,3933.53,2100.8,42613.61,14.0833,22.9,20.3333,664.6667,27.297
2026-07-12 09:00:00+00:00,4281.16,1858.71,46438.38,14.85,25.0,15.0,751.0,25.486
2026-07-12 10:00:00+00:00,4641.49,1609.29,48190.96,16.25,26.45,36.8333,800.3333,27.649
2026-07-12 11:00:00+00:00,5131.43,1827.85,48141.27,16.6667,27.5333,27.8333,795.3333,29.735
2026-07-12 12:00:00+00:00,5472.31,1658.5,46901.37,17.8,28.15,7.0,831.5,27.45
2026-07-12 13:00:00+00:00,5651.59,1422.35,43040.63,19.5833,28.7167,7.5,738.6667,24.937
2026-07-12 14:00:00+00:00,6294.33,1472.89,37867.06,19.5333,28.85,35.5,615.0,24.826
2026-07-12 15:00:00+00:00,7158.89,2186.36,30388.58,18.45,28.65,14.8333,494.1667,23.49
2026-07-12 16:00:00+00:00,8570.7,2846.38,20398.67,18.9667,27.9667,8.6667,358.5,24.041
2026-07-12 17:00:00+00:00,8510.63,2812.07,9555.07,20.95,27.2,20.8333,205.0,26.368
2026-07-12 18:00:00+00:00,7875.94,2886.35,2742.09,20.9167,26.25,12.8333,78.8333,25.115
2026-07-12 19:00:00+00:00,8481.81,3247.03,180.84,22.0167,24.35,0.0,7.6667,27.998
2026-07-12 20:00:00+00:00,9155.32,3531.7,0.17,22.8,22.4,0.8333,0.0,31.005
2026-07-12 21:00:00+00:00,9322.02,3574.27,0.0,20.4667,20.4,13.8333,0.0,29.304
2026-07-12 22:00:00+00:00,8197.12,3428.83,0.0,16.3167,19.2167,25.8333,0.0,29.797
2026-07-12 23:00:00+00:00,7112.7,2945.15,0.0,13.1,18.45,10.6667,0.0,30.509
2026-07-13 00:00:00+00:00,6433.03,2613.48,0.0,12.5667,17.0667,5.8333,0.0,27.63
2026-07-13 01:00:00+00:00,6052.18,2733.35,0.0,10.8833,16.3,4.6667,0.0,27.498
2026-07-13 02:00:00+00:00,5702.14,2829.64,0.44,12.0167,15.75,10.8333,0.0,27.732
2026-07-13 03:00:00+00:00,5336.94,2540.25,414.68,12.3167,14.95,27.8333,11.0,23.665
2026-07-13 04:00:00+00:00,4660.74,2113.55,3921.1,11.2667,14.4333,33.0,81.0,21.192
2026-07-13 05:00:00+00:00,3264.82,1690.99,11854.18,9.6833,14.8667,41.1667,213.8333,16.665
2026-07-13 06:00:00+00:00,1610.45,1213.63,24011.88,8.8833,17.5833,18.3333,353.1667,14.415
2026-07-13 07:00:00+00:00,1309.76,812.05,35321.32,9.8333,20.35,46.1667,504.5,14.571
2026-07-13 08:00:00+00:00,1757.09,690.02,44740.52,12.1167,22.85,38.3333,656.6667,13.575
2026-07-13 09:00:00+00:00,2215.77,711.42,51321.91,13.4333,24.85,16.8333,765.6667,12.749
2026-07-13 10:00:00+00:00,2922.82,542.81,54457.05,13.2,26.5833,18.6667,790.8333,12.311
2026-07-13 11:00:00+00:00,3289.49,631.39,53780.74,13.35,28.0167,19.3333,773.0,11.711
2026-07-13 12:00:00+00:00,3661.79,897.64,50287.97,13.75,28.75,45.0,767.6667,13.783
2026-07-13 13:00:00+00:00,4832.2,832.93,43999.77,14.0667,29.6167,71.3333,677.3333,15.086
2026-07-13 14:00:00+00:00,6305.48,704.55,35436.59,16.8333,29.5167,77.8333,547.8333,15.544
2026-07-13 15:00:00+00:00,8154.75,1001.99,26073.22,13.1833,29.0167,79.8333,389.0,15.812
2026-07-13 16:00:00+00:00,8898.32,1686.92,16182.95,18.9,28.1167,65.1667,282.5,16.693
2026-07-13 17:00:00+00:00,9828.39,2140.31,7909.85,16.95,28.8667,70.1667,164.5,18.749
2026-07-13 18:00:00+00:00,10713.24,2446.36,2439.76,18.0,26.95,87.6667,50.6667,20.068
2026-07-13 19:00:00+00:00,13121.18,2477.04,155.59,22.5833,24.6,60.3333,4.5,21.091
2026-07-13 20:00:00+00:00,14712.2,2506.53,0.15,23.05,23.0667,47.5,0.0,20.451
2026-07-13 21:00:00+00:00,15417.14,1961.75,0.0,21.35,21.3,40.5,0.0,15.446
2026-07-13 22:00:00+00:00,14963.86,1749.68,0.0,20.1,20.4833,43.8333,0.0,15.748
2026-07-13 23:00:00+00:00,13551.54,1596.05,0.0,19.85,19.6,49.8333,0.0,12.638
2026-07-14 00:00:00+00:00,13240.66,1594.29,0.0,20.2833,18.5667,45.6667,0.0,13.338
2026-07-14 01:00:00+00:00,12767.48,1543.88,0.0,22.2167,17.9333,41.8333,0.0,13.996
2026-07-14 02:00:00+00:00,12373.58,1645.14,0.51,20.8833,17.65,72.5,0.0,16.539
2026-07-14 03:00:00+00:00,12088.45,1590.91,376.21,20.2333,17.2167,75.8333,9.0,18.148
2026-07-14 04:00:00+00:00,11376.31,1441.24,3336.93,20.95,17.25,40.3333,67.3333,18.887
2026-07-14 05:00:00+00:00,8667.01,1378.94,9210.36,18.1,17.9167,41.3333,165.6667,17.441
2026-07-14 06:00:00+00:00,5965.22,1222.87,17427.18,18.6667,19.4667,54.6667,229.0,17.066
2026-07-14 07:00:00+00:00,4825.64,1013.2,26122.62,15.85,20.65,64.0,355.6667,15.534
2026-07-14 08:00:00+00:00,4914.56,715.74,34467.85,14.75,21.5667,59.5,430.6667,14.883
2026-07-14 09:00:00+00:00,5228.92,560.05,40948.96,18.4333,22.3333,45.6667,595.5,13.385
2026-07-14 10:00:00+00:00,5799.04,556.27,45513.78,15.25,23.5667,61.0,651.8333,13.929
2026-07-14 11:00:00+00:00,6182.23,782.15,47605.61,15.4,24.7167,57.1667,671.3333,14.991
2026-07-14 12:00:00+00:00,7018.27,1095.26,45647.91,17.25,26.05,59.0,696.1667,14.19
2026-07-14 13:00:00+00:00,8024.14,1500.4,41622.35,17.2833,27.0333,49.3333,670.1667,13.503
2026-07-14 14:00:00+00:00,9244.79,1846.54,35700.4,14.55,27.3833,49.5,562.5,15.418
2026-07-14 15:00:00+00:00,10752.64,1775.2,26229.35,15.35,27.55,44.6667,447.0,15.423
2026-07-14 16:00:00+00:00,11128.56,1755.85,16040.53,16.1167,27.4,50.0,313.5,14.607
2026-07-14 17:00:00+00:00,10930.84,1898.27,7812.04,16.5167,27.0667,44.0,165.6667,16.493
2026-07-14 18:00:00+00:00,10069.2,2003.59,2357.07,20.0,25.9833,50.0,67.0,18.945
2026-07-14 19:00:00+00:00,9481.35,2139.42,166.47,22.4333,23.7833,50.8333,6.6667,19.236
2026-07-14 20:00:00+00:00,9703.6,2052.19,0.23,22.5167,22.15,41.3333,0.0,20.175
2026-07-14 21:00:00+00:00,10137.04,1771.04,0.0,26.7833,20.55,47.6667,0.0,21.228
2026-07-14 22:00:00+00:00,10322.31,1512.69,0.0,21.7,19.6167,38.8333,0.0,18.668
2026-07-14 23:00:00+00:00,10009.49,1270.69,0.0,16.45,19.0167,44.5,0.0,17.18
2026-07-15 00:00:00+00:00,9293.23,1282.33,0.0,17.6667,18.1,52.5,0.0,17.827
2026-07-15 01:00:00+00:00,8441.17,1279.5,0.0,18.7333,17.7,40.0,0.0,20.8
2026-07-15 02:00:00+00:00,7818.46,1287.75,0.4,14.9333,17.05,44.0,0.0,19.733
2026-07-15 03:00:00+00:00,8030.02,1091.82,325.17,18.9667,16.4667,62.1667,7.8333,19.978
2026-07-15 04:00:00+00:00,7408.07,787.72,3563.66,16.3667,16.3,53.8333,69.1667,20.159
2026-07-15 05:00:00+00:00,5314.49,648.48,10536.33,14.55,17.2333,48.5,158.5,17.85
2026-07-15 06:00:00+00:00,2803.72,367.76,20626.53,12.7,18.45,39.5,317.3333,16.33
2026-07-15 07:00:00+00:00,2584.54,229.69,30741.44,9.3,20.1667,50.8333,439.6667,13.164
2026-07-15 08:00:00+00:00,3954.14,188.87,39291.71,11.3,21.8667,50.6667,527.1667,12.142
2026-07-15 09:00:00+00:00,5227.77,294.02,44971.16,12.7,23.35,65.6667,622.0,11.786
2026-07-15 10:00:00+00:00,5572.84,381.34,47918.84,13.2833,24.6,58.5,699.5,12.5
2026-07-15 11:00:00+00:00,5782.81,493.58,48139.28,13.1,25.3833,63.8333,755.0,16.316
2026-07-15 12:00:00+00:00,6304.4,784.68,45151.48,15.2,26.0667,44.6667,755.1667,17.348
2026-07-15 13:00:00+00:00,6986.76,1199.74,40248.42,17.2833,26.6667,48.5,665.5,17.653
2026-07-15 14:00:00+00:00,7679.62,1613.04,33399.29,18.25,26.85,50.6667,538.1667,18.496
2026-07-15 15:00:00+00:00,8486.92,1857.82,24844.61,17.5333,26.5,66.6667,373.8333,19.264
2026-07-15 16:00:00+00:00,8859.09,2250.47,15804.88,22.5,25.3,67.1667,250.8333,19.654
2026-07-15 17:00:00+00:00,8440.42,2481.9,7501.46,19.0167,24.1167,82.6667,133.6667,19.986
2026-07-15 18:00:00+00:00,7262.54,2490.74,2207.39,20.0333,23.1,66.3333,57.6667,22.15
2026-07-15 19:00:00+00:00,7365.95,2209.95,138.67,16.95,22.2167,60.8333,5.8333,21.456
2026-07-15 20:00:00+00:00,8375.45,1889.04,0.16,19.2833,21.0833,51.0,0.0,22.831
2026-07-15 21:00:00+00:00,8554.15,1592.73,0.0,18.65,19.9833,53.6667,0.0,21.605
2026-07-15 22:00:00+00:00,7869.37,1249.75,0.0,20.5167,19.0667,54.8333,0.0,20.122
2026-07-15 23:00:00+00:00,6742.83,1013.13,0.0,18.6833,18.4833,49.1667,0.0,19.764
2026-07-16 00:00:00+00:00,5366.13,806.07,0.0,16.0667,17.6,50.5,0.0,18.466
2026-07-16 01:00:00+00:00,4380.32,771.58,0.0,13.0333,17.15,61.1667,0.0,18.163
2026-07-16 02:00:00+00:00,3928.8,576.77,0.23,13.9667,16.8667,72.3333,0.0,18.039
2026-07-16 03:00:00+00:00,3994.24,614.96,286.13,12.6833,16.1833,68.6667,8.3333,18.516
2026-07-16 04:00:00+00:00,3873.67,485.97,3301.95,13.4333,16.1,71.3333,61.8333,19.546
2026-07-16 05:00:00+00:00,2904.29,487.96,10123.03,13.9833,16.8667,76.5,145.8333,17.917
2026-07-16 06:00:00+00:00,1584.9,642.81,20666.22,10.3667,18.2167,75.8333,260.0,17.821
2026-07-16 07:00:00+00:00,953.2,518.15,32388.58,9.6833,20.0667,81.1667,336.0,16.74
2026-07-16 08:00:00+00:00,883.64,414.19,41489.15,7.4333,21.6667,58.6667,476.6667,17.383
2026-07-16 09:00:00+00:00,1072.76,311.02,47033.47,7.7833,22.8833,57.5,579.6667,14.595
2026-07-16 10:00:00+00:00,1284.49,151.78,48383.7,9.2167,24.2,72.0,578.3333,11.939
2026-07-16 11:00:00+00:00,1585.19,76.45,47934.62,10.3667,25.15,63.5,626.3333,10.958
2026-07-16 12:00:00+00:00,1759.41,84.26,45368.42,12.0667,26.2667,69.3333,621.8333,9.76
2026-07-16 13:00:00+00:00,2278.8,86.34,40306.52,12.6167,26.7333,56.1667,616.0,10.162
2026-07-16 14:00:00+00:00,2542.43,118.15,33264.61,11.4167,27.1833,59.1667,531.0,11.567
2026-07-16 15:00:00+00:00,2838.61,241.24,24075.85,12.5167,26.8667,79.5,332.0,13.035
2026-07-16 16:00:00+00:00,3024.78,298.42,14054.96,11.2833,26.1833,74.5,237.1667,11.486
2026-07-16 17:00:00+00:00,3197.85,214.05,6312.81,14.45,25.1,68.3333,154.1667,11.448
2026-07-16 18:00:00+00:00,3615.65,322.85,1817.19,9.0833,25.5,59.1667,56.5,10.589
2026-07-16 19:00:00+00:00,4462.62,405.63,114.15,14.7333,24.0333,52.0,4.5,10.789
2026-07-16 20:00:00+00:00,5585.14,452.79,0.08,15.8667,22.3,63.1667,0.0,11.22
2026-07-16 21:00:00+00:00,6663.29,479.39,0.0,16.9,20.9,59.6667,0.0,15.445
2026-07-16 22:00:00+00:00,6381.69,565.64,0.0,15.0833,19.8333,48.1667,0.0,12.512
2026-07-16 23:00:00+00:00,6162.61,762.07,0.0,11.0333,19.1167,61.6667,0.0,13.363
2026-07-17 00:00:00+00:00,5987.84,757.09,0.0,11.75,17.7333,70.8333,0.0,16.045
2026-07-17 01:00:00+00:00,5388.44,1076.81,0.0,14.6333,17.4667,55.5,0.0,14.452
2026-07-17 02:00:00+00:00,5266.35,1049.94,0.65,15.5,17.2,74.5,0.0,17.261
2026-07-17 03:00:00+00:00,5845.82,801.35,275.13,12.7333,16.6167,74.3333,8.0,13.928
2026-07-17 04:00:00+00:00,6366.79,691.74,2997.98,11.9833,16.8,78.6667,54.5,12.419
2026-07-17 05:00:00+00:00,5451.15,512.65,8477.02,8.7,17.7,81.8333,147.0,18.497
2026-07-17 06:00:00+00:00,3521.93,393.68,15743.21,11.3833,19.3333,58.8333,242.3333,13.075
2026-07-17 07:00:00+00:00,2562.81,166.4,24058.37,9.95,20.6167,80.5,349.8333,5.958
2026-07-17 08:00:00+00:00,1982.93,133.92,33329.16,6.4333,22.05,69.5,543.6667,15.939
2026-07-17 09:00:00+00:00,1438.72,233.04,40271.6,6.9,23.8167,71.1667,608.1667,13.768
2026-07-17 10:00:00+00:00,1519.45,401.38,44143.5,6.0167,25.3,78.8333,656.1667,14.026
2026-07-17 11:00:00+00:00,2373.13,384.22,45139.11,8.75,26.3333,87.8333,613.6667,17.565
2026-07-17 12:00:00+00:00,3758.7,369.93,43395.36,11.05,27.4833,62.0,725.6667,11.904
2026-07-17 13:00:00+00:00,6405.48,703.01,37214.95,12.7667,28.2167,66.3333,630.6667,15.648
2026-07-17 14:00:00+00:00,8029.81,863.05,28837.11,15.3333,28.25,70.3333,499.5,20.361
2026-07-17 15:00:00+00:00,10006.5,972.13,21045.14,17.7833,27.05,69.0,367.0,21.738
2026-07-17 16:00:00+00:00,11417.2,1247.72,12931.78,20.6833,26.0833,47.6667,281.0,20.996
2026-07-17 17:00:00+00:00,10414.01,2098.17,6164.34,19.55,25.45,72.1667,136.6667,24.821
2026-07-17 18:00:00+00:00,9587.73,2489.9,1913.23,25.1,22.8833,72.5,48.1667,25.998
2026-07-17 19:00:00+00:00,9369.54,2965.38,127.4,21.7,21.6667,62.3333,4.8333,25.969
2026-07-17 20:00:00+00:00,8984.35,3461.8,0.16,20.3833,20.55,66.3333,0.0,28.848
2026-07-17 21:00:00+00:00,9943.45,4091.33,0.0,19.7667,19.1333,64.0,0.0,27.619
2026-07-17 22:00:00+00:00,10443.52,4317.39,0.0,20.1167,18.2333,70.1667,0.0,30.161
2026-07-17 23:00:00+00:00,10944.29,4616.9,0.0,21.0333,17.7,61.8333,0.0,28.205
2026-07-18 00:00:00+00:00,11882.37,4687.66,0.0,21.2833,17.7333,81.1667,0.0,27.056
2026-07-18 01:00:00+00:00,12520.32,5381.35,0.0,21.5667,17.3167,83.5,0.0,27.624
2026-07-18 02:00:00+00:00,12833.84,6148.28,0.05,22.9667,16.9667,82.3333,0.0,33.708
2026-07-18 03:00:00+00:00,13287.19,6986.14,191.04,22.35,16.7833,86.3333,5.3333,38.47
2026-07-18 04:00:00+00:00,12862.35,6518.03,2756.29,20.7333,16.4667,80.1667,55.6667,38.869
2026-07-18 05:00:00+00:00,12073.2,6371.13,8904.74,20.6667,16.7167,74.1667,158.8333,40.452
2026-07-18 06:00:00+00:00,12823.56,6020.81,17675.19,20.25,17.5833,74.3333,257.5,35.807
2026-07-18 07:00:00+00:00,14424.88,4954.22,26452.6,21.0333,18.5667,87.1667,338.8333,39.294
2026-07-18 08:00:00+00:00,16206.19,5646.15,34184.86,22.25,19.85,72.0,491.6667,36.713
2026-07-18 09:00:00+00:00,16010.98,5074.12,37851.5,22.9667,20.5667,66.5,522.3333,34.957
2026-07-18 10:00:00+00:00,16481.9,4640.17,39589.68,24.1667,21.65,89.0,522.3333,36.472
2026-07-18 11:00:00+00:00,15410.96,4793.74,39690.75,25.1167,22.0667,69.3333,503.8333,37.53
2026-07-18 12:00:00+00:00,15052.66,4996.31,37941.45,24.9167,22.55,82.1667,477.5,37.526
2026-07-18 13:00:00+00:00,15819.64,4909.41,33410.59,26.5167,22.6833,78.0,497.6667,39.935
2026-07-18 14:00:00+00:00,17006.4,5057.71,28362.0,21.5667,22.45,64.1667,432.6667,43.15
2026-07-18 15:00:00+00:00,18877.33,7217.92,22984.67,25.8333,21.7333,91.3333,269.6667,43.08
2026-07-18 16:00:00+00:00,19830.7,7059.71,14878.11,26.25,20.9,60.0,262.1667,43.912
2026-07-18 17:00:00+00:00,17865.41,7199.81,7309.26,22.4333,20.4667,72.5,127.0,43.399
2026-07-18 18:00:00+00:00,14434.73,7222.88,1965.99,19.6667,20.1333,54.5,52.0,43.842
2026-07-18 19:00:00+00:00,11669.97,7228.83,99.87,24.0167,19.0,54.3333,3.1667,46.407
2026-07-18 20:00:00+00:00,9318.99,7663.2,0.03,20.8167,17.9333,67.6667,0.0,43.8
2026-07-18 21:00:00+00:00,8651.51,7710.57,0.0,19.7333,16.9333,76.0,0.0,45.187
2026-07-18 22:00:00+00:00,9000.0,7366.44,0.0,19.6667,16.4667,79.0,0.0,34.825
2026-07-18 23:00:00+00:00,9130.19,7037.98,0.0,19.9833,16.1167,67.8333,0.0,39.305
2026-07-19 00:00:00+00:00,9405.25,6866.7,0.0,18.1,14.9,38.8333,0.0,35.678
2026-07-19 01:00:00+00:00,9756.39,6726.5,0.0,19.9167,14.3167,33.8333,0.0,31.808
2026-07-19 02:00:00+00:00,10310.78,7301.08,0.14,19.2,14.3333,73.8333,0.0,41.518
2026-07-19 03:00:00+00:00,11270.68,7571.5,207.96,15.5,14.0333,92.8333,4.0,41.029
2026-07-19 04:00:00+00:00,11504.76,8225.26,2313.05,16.4,13.9667,94.5,42.0,42.338
2026-07-19 05:00:00+00:00,10711.99,7920.87,6650.69,16.85,14.3667,69.3333,129.3333,41.597
2026-07-19 06:00:00+00:00,10669.41,7521.51,12620.55,17.6167,15.3167,76.5,187.1667,40.887
2026-07-19 07:00:00+00:00,11208.14,7000.25,18841.98,18.0167,15.9833,83.1667,238.5,40.306
2026-07-19 08:00:00+00:00,11950.02,5867.85,24578.37,18.2167,16.45,95.3333,326.8333,36.412
2026-07-19 09:00:00+00:00,12786.79,4822.13,29028.16,21.1667,16.9667,95.5,325.6667,36.753
2026-07-19 10:00:00+00:00,12793.5,4861.92,33673.68,20.85,17.8,91.6667,394.0,35.312
2026-07-19 11:00:00+00:00,11618.32,3207.45,35780.17,25.0667,18.2667,92.6667,449.6667,38.259
2026-07-19 12:00:00+00:00,11192.5,2340.78,35394.76,19.5333,19.5667,55.8333,539.0,32.188
2026-07-19 13:00:00+00:00,11759.22,2196.88,34190.08,24.6667,20.15,51.5,561.0,31.261
2026-07-19 14:00:00+00:00,13181.44,2263.59,30526.33,24.55,20.65,44.1667,526.6667,36.355
2026-07-19 15:00:00+00:00,14913.82,3140.62,24212.49,29.9167,20.65,61.5,367.0,35.386
2026-07-19 16:00:00+00:00,18039.1,4939.33,17347.86,26.1167,19.8833,52.8333,285.8333,35.414
2026-07-19 17:00:00+00:00,18721.09,4762.08,8627.69,24.3833,19.1,73.0,142.0,31.168
2026-07-19 18:00:00+00:00,14254.42,4410.5,2312.4,22.75,18.1833,64.3333,51.3333,30.927
2026-07-19 19:00:00+00:00,12057.73,4265.53,100.76,25.8833,16.8,56.6667,3.3333,29.845
2026-07-19 20:00:00+00:00,11842.3,4015.55,0.07,25.0167,15.7,62.3333,0.0,28.776
2026-07-19 21:00:00+00:00,12524.36,4301.47,0.0,23.6167,14.9,42.1667,0.0,30.761
2026-07-19 22:00:00+00:00,13873.93,5297.73,0.0,23.0167,14.05,47.8333,0.0,28.768
2026-07-19 23:00:00+00:00,14730.8,5734.1,0.0,21.7167,13.5167,61.1667,0.0,31.236
2026-07-20 00:00:00+00:00,15407.03,5374.95,0.0,19.3833,12.8667,71.1667,0.0,35.278
2026-07-20 01:00:00+00:00,15532.52,5063.54,0.0,19.3833,12.2833,48.8333,0.0,35.652
2026-07-20 02:00:00+00:00,15344.9,4300.5,0.04,21.1833,11.85,68.8333,0.0,30.984
2026-07-20 03:00:00+00:00,15534.55,4392.55,160.51,20.0167,11.8333,73.3333,4.0,31.13
2026-07-20 04:00:00+00:00,15585.36,3666.13,2791.82,20.0667,11.6833,61.3333,46.8333,29.759
2026-07-20 05:00:00+00:00,14587.02,4212.52,9203.05,17.9,12.2833,75.6667,126.5,30.476
2026-07-20 06:00:00+00:00,14465.3,4205.24,18778.74,19.4,13.7833,65.6667,224.0,31.975
2026-07-20 07:00:00+00:00,15857.65,4023.19,28179.61,18.3333,15.3333,66.3333,275.5,31.851
2026-07-20 08:00:00+00:00,15770.28,3939.32,34513.23,20.4333,16.4667,68.6667,400.8333,29.398
2026-07-20 09:00:00+00:00,14992.67,3851.87,37877.59,18.9,17.35,68.5,426.3333,30.304
2026-07-20 10:00:00+00:00,14963.87,3750.72,39153.01,18.7333,17.9,66.3333,480.8333,29.477
2026-07-20 11:00:00+00:00,13921.53,3462.47,38749.36,21.65,19.0167,87.5,521.6667,30.596
2026-07-20 12:00:00+00:00,14472.36,3200.33,37664.06,17.4167,19.6,45.6667,570.1667,29.436
2026-07-20 13:00:00+00:00,13750.64,2859.43,35330.19,20.3,19.35,54.5,582.6667,31.433
2026-07-20 14:00:00+00:00,13952.51,2733.35,31238.21,19.1333,20.2,60.3333,434.5,27.195
2026-07-20 15:00:00+00:00,15258.5,3076.05,25165.86,22.9833,20.5,58.5,373.6667,27.023
2026-07-20 16:00:00+00:00,14954.01,3053.24,16633.64,23.15,19.95,65.0,271.8333,28.713
2026-07-20 17:00:00+00:00,13237.59,3435.16,7880.0,23.25,19.4833,49.1667,156.1667,30.538
2026-07-20 18:00:00+00:00,10753.49,3613.68,2153.18,23.3167,19.0833,48.3333,58.8333,28.631
2026-07-20 19:00:00+00:00,9415.78,3945.56,106.37,21.9,17.7167,26.8333,4.0,31.404
2026-07-20 20:00:00+00:00,9640.43,3522.55,0.03,19.1667,16.2167,52.5,0.0,31.07
2026-07-20 21:00:00+00:00,10566.76,3061.99,0.0,19.4,15.5,62.8333,0.0,29.516
2026-07-20 22:00:00+00:00,10511.99,2357.21,0.0,16.1167,14.6,32.5,0.0,27.519
2026-07-20 23:00:00+00:00,10070.87,1776.43,0.0,18.5667,13.5333,23.6667,0.0,26.276
2026-07-21 00:00:00+00:00,9888.16,1295.71,0.0,18.95,12.6833,35.5,0.0,23.097
2026-07-21 01:00:00+00:00,9171.97,1264.93,0.0,19.25,12.2667,34.5,0.0,22.354
2026-07-21 02:00:00+00:00,8614.56,1437.67,0.02,17.3667,11.7333,43.6667,0.0,23.384
2026-07-21 03:00:00+00:00,8784.78,1453.99,208.25,16.4,10.75,52.8333,6.0,21.669
2026-07-21 04:00:00+00:00,7924.58,1519.57,3433.82,15.2833,10.5667,67.8333,62.8333,23.428
2026-07-21 05:00:00+00:00,5053.58,1473.69,11272.22,15.2333,11.2167,64.8333,170.0,24.735
2026-07-21 06:00:00+00:00,2768.68,1424.53,23234.73,12.0333,13.3,67.3333,307.6667,22.641
2026-07-21 07:00:00+00:00,2691.66,1153.78,35061.87,9.6333,15.2667,64.0,461.6667,22.977
2026-07-21 08:00:00+00:00,3545.39,1186.37,43683.58,10.7167,17.1833,28.1667,635.1667,22.87
2026-07-21 09:00:00+00:00,4588.91,1086.88,47640.38,10.8667,19.2333,32.3333,658.0,20.54
2026-07-21 10:00:00+00:00,5126.12,780.06,48049.39,13.0,20.4667,57.8333,683.0,18.512
2026-07-21 11:00:00+00:00,5455.87,803.37,46586.8,15.05,21.3333,70.3333,644.5,23.571
2026-07-21 12:00:00+00:00,5843.77,888.45,44262.76,15.3833,21.8833,48.1667,608.0,20.537
2026-07-21 13:00:00+00:00,7173.67,971.45,40965.33,20.25,22.0833,45.1667,568.6667,21.657
2026-07-21 14:00:00+00:00,8765.79,1469.15,35823.69,19.9667,22.0833,77.8333,459.1667,24.132
2026-07-21 15:00:00+00:00,10127.27,2201.04,27510.25,21.9167,21.9333,57.3333,404.3333,23.746
2026-07-21 16:00:00+00:00,10020.89,2777.11,17606.15,20.2667,21.8167,39.8333,307.8333,27.069
2026-07-21 17:00:00+00:00,8822.7,3000.96,8188.6,20.35,21.0,44.8333,181.1667,25.834
2026-07-21 18:00:00+00:00,7367.9,3039.02,2178.66,19.5167,20.5167,22.8333,61.0,30.372
2026-07-21 19:00:00+00:00,7108.06,3385.9,97.23,18.6833,19.2333,50.6667,3.6667,28.878
2026-07-21 20:00:00+00:00,7166.22,3370.09,0.02,18.6,17.2333,23.6667,0.0,27.608
2026-07-21 21:00:00+00:00,7069.19,4079.42,0.0,17.0667,15.35,27.5,0.0,27.264
2026-07-21 22:00:00+00:00,6825.43,4066.01,0.0,14.25,14.5333,49.3333,0.0,30.38
2026-07-21 23:00:00+00:00,6979.1,4240.55,0.0,15.4667,14.0667,51.6667,0.0,26.212
2026-07-22 00:00:00+00:00,7490.18,5458.08,0.0,15.5333,13.1333,55.0,0.0,32.627
2026-07-22 01:00:00+00:00,8260.2,5737.57,0.0,17.2,12.9167,42.8333,0.0,34.237
2026-07-22 02:00:00+00:00,8812.76,5858.43,0.02,18.1,12.6333,43.3333,0.0,39.487
2026-07-22 03:00:00+00:00,9790.01,6705.45,171.75,15.6167,12.1167,74.0,3.6667,38.712
2026-07-22 04:00:00+00:00,11160.31,7625.8,2825.0,15.5833,12.1167,53.1667,42.6667,37.554
2026-07-22 05:00:00+00:00,11259.14,7274.83,9090.39,16.5,12.6167,67.3333,94.5,35.389
2026-07-22 06:00:00+00:00,12171.13,6335.51,18118.48,16.2,13.85,72.0,165.5,42.661
2026-07-22 07:00:00+00:00,14572.06,5920.09,26658.18,17.5,15.2333,74.1667,221.1667,38.177
2026-07-22 08:00:00+00:00,16437.42,5152.13,32190.6,18.3167,16.5667,74.8333,331.5,35.42
2026-07-22 09:00:00+00:00,16908.67,5325.91,34561.51,21.9,18.1667,78.1667,401.0,36.72
2026-07-22 10:00:00+00:00,17640.19,5298.28,36240.64,22.5333,19.0333,84.3333,456.3333,40.382
2026-07-22 11:00:00+00:00,17906.45,5551.26,36815.05,26.3333,19.7333,78.8333,334.8333,38.62
2026-07-22 12:00:00+00:00,18024.98,5126.28,35868.21,25.9,20.3667,87.0,498.8333,38.402
2026-07-22 13:00:00+00:00,19077.85,5325.9,33496.51,30.1667,20.7167,98.1667,460.6667,42.874
2026-07-22 14:00:00+00:00,20558.71,5074.7,28769.29,30.1833,20.95,97.1667,371.1667,38.79
2026-07-22 15:00:00+00:00,23998.55,3299.26,22455.43,30.0167,21.0833,82.6667,301.6667,41.564
2026-07-22 16:00:00+00:00,26760.69,3513.51,14849.83,30.65,20.7,87.0,237.5,37.805
2026-07-22 17:00:00+00:00,25135.31,4396.26,6883.42,30.6667,20.05,82.6667,112.8333,34.448
2026-07-22 18:00:00+00:00,21962.78,4804.5,1637.09,29.7333,19.1167,76.0,36.1667,42.815
2026-07-22 19:00:00+00:00,20828.52,4976.38,50.85,28.0667,17.8167,79.3333,2.8333,38.38
2026-07-22 20:00:00+00:00,19513.43,4759.19,0.01,26.4,16.6,69.6667,0.0,40.925
2026-07-22 21:00:00+00:00,19405.32,4660.36,0.0,25.2667,16.1,89.5,0.0,42.812
2026-07-22 22:00:00+00:00,19733.55,5699.71,0.0,25.3,15.3833,90.5,0.0,38.716
2026-07-22 23:00:00+00:00,19591.79,5824.76,0.0,22.3833,14.4667,89.6667,0.0,39.847
2026-07-23 00:00:00+00:00,18398.88,6181.7,0.0,20.9,14.2333,93.5,0.0,39.426
2026-07-23 01:00:00+00:00,16374.12,6089.35,0.0,22.15,13.8833,81.0,0.0,33.007
2026-07-23 02:00:00+00:00,14842.84,5727.24,0.01,23.6333,13.4333,76.6667,0.0,40.134
2026-07-23 03:00:00+00:00,14336.72,5910.1,94.79,22.6667,13.4167,76.8333,3.3333,33.844
2026-07-23 04:00:00+00:00,13485.3,5555.71,2122.15,19.0,13.15,74.3333,45.5,31.212
2026-07-23 05:00:00+00:00,12241.2,5194.88,7083.01,18.4167,13.65,77.3333,118.5,33.067
2026-07-23 06:00:00+00:00,11385.98,4055.44,13930.29,16.4667,14.7167,73.6667,215.0,29.48
2026-07-23 07:00:00+00:00,11477.88,3411.6,20544.98,18.1833,15.55,80.5,302.3333,28.759
2026-07-23 08:00:00+00:00,11569.91,2995.08,25962.29,18.5167,16.4833,81.1667,352.8333,27.183
2026-07-23 09:00:00+00:00,11921.8,2636.23,32710.2,19.3833,17.1333,64.8333,445.8333,25.418
2026-07-23 10:00:00+00:00,12506.91,2638.26,39321.39,21.6833,18.0667,93.1667,575.0,31.064
2026-07-23 11:00:00+00:00,13094.66,2523.29,43106.41,21.9,19.1,78.0,576.1667,27.45
2026-07-23 12:00:00+00:00,12663.2,2094.98,43780.15,21.5333,19.6833,73.1667,640.0,25.549
2026-07-23 13:00:00+00:00,12605.67,1957.3,41603.35,23.1667,20.5667,61.8333,611.0,25.947
2026-07-23 14:00:00+00:00,13374.74,2211.65,37193.15,21.6333,20.45,67.8333,491.8333,29.031
2026-07-23 15:00:00+00:00,14541.25,2435.02,29618.76,19.8,20.05,72.6667,412.6667,25.076
2026-07-23 16:00:00+00:00,14040.24,2293.51,19025.15,23.7,19.8667,68.3333,316.5,22.901
2026-07-23 17:00:00+00:00,12722.16,2248.93,8852.93,22.1833,19.4167,70.5,178.0,29.273
2026-07-23 18:00:00+00:00,9602.69,2149.88,2165.07,23.5333,18.8167,69.6667,58.1667,24.244
2026-07-23 19:00:00+00:00,8358.19,2143.84,68.56,23.25,17.6,49.0,3.1667,22.658
2026-07-23 20:00:00+00:00,8012.4,2217.88,0.01,21.0333,16.05,36.1667,0.0,22.39
2026-07-23 21:00:00+00:00,7819.8,2482.61,0.0,20.4333,14.4167,28.1667,0.0,26.844
2026-07-23 22:00:00+00:00,7141.29,2610.66,0.0,18.1,13.4,30.6667,0.0,26.426
2026-07-23 23:00:00+00:00,6790.1,1994.88,0.0,14.95,12.75,32.5,0.0,24.972
2026-07-24 00:00:00+00:00,6232.55,1490.25,0.0,14.7667,12.1167,33.8333,0.0,23.759
2026-07-24 01:00:00+00:00,5506.03,1898.61,0.0,13.1667,12.15,48.5,0.0,25.97
2026-07-24 02:00:00+00:00,4939.35,1991.72,0.01,14.9,11.2833,31.8333,0.0,20.104
2026-07-24 03:00:00+00:00,4665.75,1721.43,154.75,13.4667,10.45,90.3333,3.6667,20.449
2026-07-24 04:00:00+00:00,4225.37,1626.6,3013.28,14.4667,10.5833,84.6667,46.5,18.467
2026-07-24 05:00:00+00:00,3079.38,1128.76,10355.62,12.2333,10.9,86.8333,145.0,17.69
2026-07-24 06:00:00+00:00,2145.23,832.19,21372.03,10.0,13.2667,26.5,304.3333,21.029
2026-07-24 07:00:00+00:00,2578.77,793.96,31988.71,10.1667,15.2333,68.6667,385.6667,21.382
2026-07-24 08:00:00+00:00,3329.62,1147.35,39990.83,9.7,16.7333,68.3333,521.5,17.415
2026-07-24 09:00:00+00:00,3887.03,1206.05,47156.61,10.2667,18.35,72.6667,619.5,21.143
2026-07-24 10:00:00+00:00,3878.77,1479.57,52301.22,10.7,19.2333,74.6667,573.3333,23.119
2026-07-24 11:00:00+00:00,3151.75,1698.36,54275.99,12.1,20.6667,48.0,698.3333,20.355
2026-07-24 12:00:00+00:00,2643.17,1932.71,53348.59,11.9333,21.15,63.5,676.6667,21.019
2026-07-24 13:00:00+00:00,2489.21,2024.58,49349.94,11.75,21.6,54.8333,654.5,23.135
2026-07-24 14:00:00+00:00,2789.3,2203.54,43039.46,10.2,22.6833,47.3333,564.1667,22.997
2026-07-24 15:00:00+00:00,2557.56,2069.22,32839.04,9.9167,22.7167,61.6667,448.6667,20.927
2026-07-24 16:00:00+00:00,2099.56,2004.35,20146.18,9.0167,22.6833,46.1667,310.5,22.893
2026-07-24 17:00:00+00:00,1519.14,2031.28,8613.69,9.2,22.65,42.6667,167.0,19.143
2026-07-24 18:00:00+00:00,1032.38,2235.89,1983.14,10.0333,21.9833,56.6667,55.1667,19.082
2026-07-24 19:00:00+00:00,944.37,2361.21,59.06,9.3,20.1833,83.8333,2.6667,20.567
2026-07-24 20:00:00+00:00,1131.67,2244.82,0.0,9.3,18.2167,75.0,0.0,22.223
2026-07-24 21:00:00+00:00,1557.63,2086.11,0.0,10.15,15.9167,55.0,0.0,23.723
2026-07-24 22:00:00+00:00,2117.24,2402.32,0.0,10.6833,14.9667,60.5,0.0,23.621
2026-07-24 23:00:00+00:00,2671.09,2302.96,0.0,12.6167,14.4,79.0,0.0,23.658
2026-07-25 00:00:00+00:00,3445.32,1983.62,0.0,12.6,13.4,69.8333,0.0,22.796
2026-07-25 01:00:00+00:00,4139.78,1501.07,0.0,13.6333,12.7667,59.8333,0.0,21.734
2026-07-25 02:00:00+00:00,4672.21,1035.73,0.08,14.9833,12.2667,64.5,0.0,17.131
2026-07-25 03:00:00+00:00,5370.33,994.21,146.64,14.2833,11.6333,43.1667,4.0,15.856
2026-07-25 04:00:00+00:00,5548.7,1376.49,3324.74,13.0667,11.1833,32.0,64.5,22.319
2026-07-25 05:00:00+00:00,4923.41,1777.2,11669.5,14.0333,12.15,39.1667,190.5,22.619
2026-07-25 06:00:00+00:00,3287.6,2166.26,24328.66,13.8333,15.15,27.6667,336.6667,25.028
2026-07-25 07:00:00+00:00,2324.36,2404.43,36703.56,11.5,17.9833,26.0,469.0,25.246
2026-07-25 08:00:00+00:00,2601.89,1580.94,43522.9,10.7,20.5,36.8333,603.8333,25.502
2026-07-25 09:00:00+00:00,3149.22,1533.0,48564.29,11.6167,22.95,35.3333,727.1667,25.651
2026-07-25 10:00:00+00:00,3524.15,1348.79,50594.1,14.2333,24.9333,37.8333,792.6667,23.349
2026-07-25 11:00:00+00:00,4029.47,1575.12,49716.0,16.85,26.4167,31.8333,815.8333,26.03
2026-07-25 12:00:00+00:00,4869.02,1865.44,48034.51,18.2167,27.4,32.5,786.1667,27.865
2026-07-25 13:00:00+00:00,5417.54,2320.14,43313.97,19.0333,28.1,29.1667,682.3333,28.867
2026-07-25 14:00:00+00:00,6435.45,3421.96,35848.18,21.05,28.35,33.0,549.5,31.244
2026-07-25 15:00:00+00:00,9002.92,5585.2,29507.45,18.6833,28.0333,39.6667,455.6667,34.142
2026-07-25 16:00:00+00:00,9666.45,6262.11,18082.32,18.3333,27.8167,35.6667,295.1667,32.293
2026-07-25 17:00:00+00:00,8758.34,6168.66,7530.87,16.6667,27.05,61.1667,137.3333,30.179
2026-07-25 18:00:00+00:00,7489.06,5566.92,1707.6,18.9333,26.2333,53.0,45.5,32.212
2026-07-25 19:00:00+00:00,6216.43,5002.13,52.54,21.15,24.3333,62.3333,2.3333,29.453
2026-07-25 20:00:00+00:00,5730.32,4146.82,0.01,18.2,22.45,72.1667,0.0,27.561
2026-07-25 21:00:00+00:00,6117.78,2689.91,0.0,17.45,21.1833,70.6667,0.0,25.326
2026-07-25 22:00:00+00:00,5671.0,1738.47,0.0,13.8167,20.0667,49.3333,0.0,23.604
2026-07-25 23:00:00+00:00,4626.89,1578.53,0.0,12.6,18.95,74.1667,0.0,21.942
2026-07-26 00:00:00+00:00,4363.42,1324.1,0.0,13.3833,17.4667,59.5,0.0,19.753
2026-07-26 01:00:00+00:00,5151.63,1223.68,0.0,16.4,17.05,86.5,0.0,17.087
2026-07-26 02:00:00+00:00,6427.9,1034.9,0.0,19.0333,16.5833,82.1667,0.0,16.881
2026-07-26 03:00:00+00:00,7944.48,944.96,90.42,22.2333,16.15,78.1667,2.6667,14.0
2026-07-26 04:00:00+00:00,8893.63,1110.34,2050.46,22.8167,16.5,88.0,37.8333,12.967
2026-07-26 05:00:00+00:00,8469.46,1146.57,7042.54,22.2,17.1667,87.6667,103.8333,16.375
2026-07-26 06:00:00+00:00,7556.0,982.78,14930.8,18.5833,18.0333,81.8333,213.0,16.572
2026-07-26 07:00:00+00:00,8074.3,1094.64,22834.56,15.8833,19.5667,70.3333,261.1667,20.613
2026-07-26 08:00:00+00:00,9169.97,1202.63,28913.29,20.1333,20.9833,85.0,326.3333,18.99
2026-07-26 09:00:00+00:00,9515.09,1394.09,32426.4,20.9667,21.9333,94.6667,356.6667,28.727
2026-07-26 10:00:00+00:00,10375.76,2362.11,33538.21,22.0833,22.5333,92.3333,386.3333,25.621
2026-07-26 11:00:00+00:00,11791.22,3134.04,32496.15,24.3167,23.0,91.5,400.8333,18.747
2026-07-26 12:00:00+00:00,13094.81,4086.1,29334.38,23.35,23.4167,71.6667,437.5,30.157
2026-07-26 13:00:00+00:00,14587.63,4443.16,25473.68,24.05,23.8,86.8333,275.0,32.866
2026-07-26 14:00:00+00:00,15816.35,4032.61,21877.98,28.9,23.45,90.6667,239.0,32.584
2026-07-26 15:00:00+00:00,19769.79,4426.93,17182.38,29.5667,22.85,83.5,211.1667,31.755
2026-07-26 16:00:00+00:00,23572.95,4585.17,10820.74,32.95,22.7667,85.6667,153.1667,24.977
2026-07-26 17:00:00+00:00,23929.93,4753.36,4959.53,31.5833,22.3833,76.3333,87.1667,25.888
2026-07-26 18:00:00+00:00,21845.1,4981.98,1169.46,29.1167,21.3,94.3333,19.8333,33.866
2026-07-26 19:00:00+00:00,21417.43,5098.74,24.63,28.0,20.4,95.3333,0.6667,34.743
2026-07-26 20:00:00+00:00,21949.67,5243.17,0.0,26.7167,19.5,97.8333,0.0,38.573
2026-07-26 21:00:00+00:00,24644.87,5876.94,0.0,27.1833,19.4,98.3333,0.0,36.852
2026-07-26 22:00:00+00:00,26330.82,6276.98,0.0,28.0667,18.6167,87.8333,0.0,33.598
2026-07-26 23:00:00+00:00,25886.78,6324.92,0.0,27.85,18.1333,74.8333,0.0,33.202
2026-07-27 00:00:00+00:00,25142.83,6311.18,0.0,28.85,17.8167,93.0,0.0,35.701
2026-07-27 01:00:00+00:00,24038.97,5916.23,0.0,29.15,17.4,93.5,0.0,37.461
2026-07-27 02:00:00+00:00,22686.77,5274.03,0.0,28.2333,17.05,93.8333,0.0,36.047
2026-07-27 03:00:00+00:00,22459.65,5492.77,47.22,30.45,17.0,86.8333,1.6667,34.41
2026-07-27 04:00:00+00:00,21603.58,5244.88,1661.76,27.6667,16.6667,94.0,27.6667,33.934
2026-07-27 05:00:00+00:00,19308.35,4667.27,6425.98,27.2333,16.55,81.6667,96.0,27.265
2026-07-27 06:00:00+00:00,17865.64,4533.67,13356.3,25.9667,16.45,84.8333,202.1667,27.397
2026-07-27 07:00:00+00:00,18257.82,3516.48,21749.5,27.0,17.0,74.3333,335.8333,26.997
2026-07-27 08:00:00+00:00,18451.65,2121.44,29601.07,25.0167,17.7167,72.5,435.8333,26.851
2026-07-27 09:00:00+00:00,18705.32,3208.52,34332.45,23.9167,18.6167,67.3333,555.5,28.476
2026-07-27 10:00:00+00:00,18904.78,4071.65,36564.02,26.6833,19.9,84.0,510.3333,26.488
2026-07-27 11:00:00+00:00,20092.77,4064.59,36350.08,26.85,20.15,74.5,423.0,27.677
2026-07-27 12:00:00+00:00,20830.65,4207.04,35137.43,27.7167,20.2833,79.8333,480.3333,31.348
2026-07-27 13:00:00+00:00,20701.37,4018.76,32740.5,27.9167,20.95,72.0,351.3333,29.983
2026-07-27 14:00:00+00:00,21372.91,3789.17,28509.27,28.6,20.65,89.5,264.0,29.312
2026-07-27 15:00:00+00:00,21839.42,3497.21,22213.7,28.1,21.0667,52.6667,295.1667,31.232
2026-07-27 16:00:00+00:00,19140.62,4183.73,14650.56,27.0833,20.7333,72.8333,216.1667,31.829
2026-07-27 17:00:00+00:00,15240.03,4230.02,6845.63,26.1333,20.5167,66.5,142.3333,29.569
2026-07-27 18:00:00+00:00,11975.73,4848.25,1562.76,22.2333,20.05,62.5,43.5,32.427
2026-07-27 19:00:00+00:00,10788.1,4985.69,39.2,22.4167,18.6333,39.8333,1.6667,33.332
2026-07-27 20:00:00+00:00,10673.59,4976.08,0.0,19.5667,17.1667,7.6667,0.0,33.496
2026-07-27 21:00:00+00:00,11291.1,5114.24,0.0,19.2333,15.8,16.3333,0.0,29.454
2026-07-27 22:00:00+00:00,11764.57,4734.75,0.0,19.65,15.0833,0.0,0.0,31.47
2026-07-27 23:00:00+00:00,11742.41,4177.72,0.0,18.9,14.2833,10.3333,0.0,30.158
2026-07-28 00:00:00+00:00,10874.64,3845.13,0.0,19.2,13.4333,7.8333,0.0,30.25
2026-07-28 01:00:00+00:00,9637.93,3725.62,0.0,18.35,13.0667,6.6667,0.0,27.85
2026-07-28 02:00:00+00:00,8627.45,3254.79,0.0,16.9167,12.4667,12.1667,0.0,27.02
2026-07-28 03:00:00+00:00,8421.47,3039.15,96.72,15.1,11.7333,26.8333,2.6667,24.792
2026-07-28 04:00:00+00:00,8161.25,2998.47,2849.98,11.7167,11.6333,34.1667,52.1667,23.026
2026-07-28 05:00:00+00:00,6267.04,3076.75,10896.95,13.8667,12.5167,52.5,155.8333,24.584
2026-07-28 06:00:00+00:00,4283.78,2405.65,23018.41,14.9,14.8,25.6667,305.0,23.184
2026-07-28 07:00:00+00:00,4855.39,2018.43,35118.3,12.0167,17.25,45.5,416.8333,20.856
2026-07-28 08:00:00+00:00,5244.63,1994.91,43478.93,11.9333,19.3167,37.3333,558.1667,20.085
2026-07-28 09:00:00+00:00,4316.91,2174.16,48985.47,13.4,21.2667,33.0,659.6667,19.597
2026-07-28 10:00:00+00:00,3560.69,2376.79,49178.9,14.5333,22.8167,22.3333,746.6667,19.053
2026-07-28 11:00:00+00:00,3506.07,2504.42,49720.76,14.4,23.9667,33.1667,741.0,20.018
2026-07-28 12:00:00+00:00,3377.51,2770.11,49062.36,15.3,24.8,26.8333,745.1667,20.691
2026-07-28 13:00:00+00:00,2835.67,3298.05,46871.33,13.8,25.65,46.1667,676.6667,20.78
2026-07-28 14:00:00+00:00,3400.4,3963.86,41544.2,12.8667,26.05,47.8333,579.0,20.287
2026-07-28 15:00:00+00:00,3543.59,4003.03,32324.98,11.2,26.3167,40.8333,470.8333,23.458
2026-07-28 16:00:00+00:00,2818.77,4189.57,19924.69,11.15,26.4,25.0,308.8333,24.087
2026-07-28 17:00:00+00:00,1701.33,4297.08,8261.01,11.0667,25.9167,40.8333,162.6667,23.494
2026-07-28 18:00:00+00:00,1257.26,3639.23,1639.68,11.0833,25.3333,29.5,50.0,24.863
2026-07-28 19:00:00+00:00,1881.23,2988.68,32.59,13.1667,23.5667,24.6667,1.6667,19.647
2026-07-28 20:00:00+00:00,3412.36,2372.11,0.0,13.4,21.3333,42.5,0.0,16.236
2026-07-28 21:00:00+00:00,5237.14,2163.2,0.0,14.5333,19.8,34.3333,0.0,13.755
2026-07-28 22:00:00+00:00,7845.49,2075.5,0.0,17.2667,19.0,29.3333,0.0,15.734
2026-07-28 23:00:00+00:00,9460.27,2120.38,0.0,15.8333,18.1667,38.8333,0.0,13.77
2026-07-29 00:00:00+00:00,10455.32,2326.12,0.0,17.85,17.3667,40.3333,0.0,15.579
2026-07-29 01:00:00+00:00,10681.7,2223.14,0.0,18.6667,16.9167,60.5,0.0,15.1
2026-07-29 02:00:00+00:00,9940.74,2316.79,0.0,19.2,16.5667,60.0,0.0,13.28
2026-07-29 03:00:00+00:00,9784.16,2497.37,74.27,18.0167,15.8167,47.1667,2.3333,15.633
2026-07-29 04:00:00+00:00,9582.63,2491.09,2633.27,18.9167,15.5,44.1667,54.8333,14.318
2026-07-29 05:00:00+00:00,8220.89,2224.96,10338.52,19.8833,16.3667,35.0,174.1667,16.478
2026-07-29 06:00:00+00:00,4914.11,2260.59,22767.35,16.7167,19.1,38.1667,308.3333,20.637
2026-07-29 07:00:00+00:00,2641.54,2007.63,35341.39,14.9,21.5667,41.6667,466.0,17.316
2026-07-29 08:00:00+00:00,2862.89,1456.1,45198.17,11.9667,24.0333,34.5,612.3333,12.993
2026-07-29 09:00:00+00:00,3124.86,1011.83,51965.72,11.05,26.95,39.1667,707.6667,12.129
2026-07-29 10:00:00+00:00,2944.74,552.9,54262.65,14.15,29.05,38.1667,776.5,11.139
2026-07-29 11:00:00+00:00,3256.83,383.23,53907.63,15.8667,30.5167,37.0,802.0,9.519
2026-07-29 12:00:00+00:00,3629.41,310.75,52986.8,15.6,31.3167,27.8333,777.1667,9.004
2026-07-29 13:00:00+00:00,4104.91,232.41,50096.28,18.4333,32.1167,12.1667,724.6667,8.14
2026-07-29 14:00:00+00:00,4638.55,319.45,42904.66,16.5,32.7167,10.0,625.1667,7.616
2026-07-29 15:00:00+00:00,4734.45,412.23,32236.86,15.0667,32.9833,17.5,482.6667,9.029
2026-07-29 16:00:00+00:00,4111.65,806.72,19435.18,15.0667,32.8833,5.8333,332.3333,7.88
2026-07-29 17:00:00+00:00,3377.76,854.11,8052.13,12.1667,32.2667,5.3333,175.8333,6.936
2026-07-29 18:00:00+00:00,3345.12,847.2,1658.17,12.9667,31.35,4.5,52.3333,8.987
2026-07-29 19:00:00+00:00,5245.66,915.04,35.24,16.1167,28.6,8.3333,1.5,8.626
2026-07-29 20:00:00+00:00,7689.55,969.62,0.0,12.6667,25.5833,10.6667,0.0,8.248
2026-07-29 21:00:00+00:00,8821.49,1098.91,0.0,16.8333,24.2667,14.8333,0.0,9.243
2026-07-29 22:00:00+00:00,8698.51,1180.12,0.0,18.25,22.6167,3.3333,0.0,11.603
2026-07-29 23:00:00+00:00,8067.99,1629.94,0.0,15.4333,21.5833,0.0,0.0,13.216
2026-07-30 00:00:00+00:00,7743.27,2354.87,0.0,14.2667,20.2667,0.0,0.0,15.555
2026-07-30 01:00:00+00:00,7544.78,2828.01,0.0,11.9,19.5333,0.0,0.0,16.855
2026-07-30 02:00:00+00:00,7645.3,3429.36,0.0,13.2667,18.9333,0.0,0.0,19.421
2026-07-30 03:00:00+00:00,8549.51,4392.37,79.97,15.8667,18.1333,0.0,2.5,20.532
2026-07-30 04:00:00+00:00,9530.93,4702.99,2614.65,17.6167,17.8167,0.0,57.1667,22.143
2026-07-30 05:00:00+00:00,9714.57,3774.62,10175.45,21.0833,18.6833,0.0,182.1667,23.207
2026-07-30 06:00:00+00:00,7800.07,3638.93,22134.15,20.35,21.6,1.0,333.8333,23.154
2026-07-30 07:00:00+00:00,4982.12,3281.5,34289.39,16.6333,24.6833,12.6667,471.0,24.539
2026-07-30 08:00:00+00:00,4466.88,2629.92,44553.99,11.95,27.4833,31.0,580.3333,23.558
2026-07-30 09:00:00+00:00,6106.12,2404.86,51231.69,11.8167,30.7,30.3333,717.1667,21.375
2026-07-30 10:00:00+00:00,8382.51,2292.94,53522.38,15.1333,33.2167,16.6667,738.0,20.53
2026-07-30 11:00:00+00:00,10635.66,2255.41,51586.14,15.8167,34.5667,50.0,736.6667,23.199
2026-07-30 12:00:00+00:00,12558.43,2654.62,47036.7,23.2667,35.5667,50.0,670.6667,24.902
2026-07-30 13:00:00+00:00,15839.02,2532.98,39017.81,22.9667,34.7833,44.5,614.0,26.697
2026-07-30 14:00:00+00:00,15824.33,2089.52,29101.87,23.45,34.0833,65.1667,373.6667,26.744
2026-07-30 15:00:00+00:00,15108.63,1418.26,19553.74,29.4667,32.4167,64.8333,266.8333,22.187
2026-07-30 16:00:00+00:00,15249.19,927.92,10803.44,27.85,30.65,83.3333,174.8333,22.138
2026-07-30 17:00:00+00:00,14107.42,650.44,4633.83,21.0333,28.5833,71.1667,88.3333,20.614
2026-07-30 18:00:00+00:00,12239.93,1141.35,1013.85,17.3833,26.65,89.5,26.5,16.158
2026-07-30 19:00:00+00:00,11371.61,1793.5,32.0,22.8333,24.5333,50.6667,0.5,18.156
2026-07-30 20:00:00+00:00,8303.28,1776.89,0.0,23.5833,23.05,58.5,0.0,20.795
2026-07-30 21:00:00+00:00,6241.4,1151.45,0.0,18.3833,21.6667,46.0,0.0,16.959
2026-07-30 22:00:00+00:00,4910.91,625.82,0.0,11.3667,20.7333,49.6667,0.0,16.402
2026-07-30 23:00:00+00:00,3781.76,646.09,0.0,7.15,19.7667,48.5,0.0,11.524
2026-07-31 00:00:00+00:00,2751.55,425.56,0.0,8.8333,18.7167,22.1667,0.0,11.781
2026-07-31 01:00:00+00:00,2229.38,329.35,0.0,9.7333,18.0333,46.3333,0.0,8.15
2026-07-31 02:00:00+00:00,2299.4,317.82,0.0,10.1833,17.3667,55.0,0.0,12.134
2026-07-31 03:00:00+00:00,2088.34,404.61,66.52,9.7167,16.8,58.0,1.8333,11.503
2026-07-31 04:00:00+00:00,1899.65,937.48,2261.24,8.7333,16.7833,74.1667,46.5,9.939
2026-07-31 05:00:00+00:00,1721.61,1321.93,8579.28,10.85,17.1333,89.6667,124.0,9.114
2026-07-31 06:00:00+00:00,1490.88,1313.66,17937.23,8.3,18.6333,91.0,262.5,12.084
2026-07-31 07:00:00+00:00,1142.59,1276.82,28488.94,8.9667,20.75,81.3333,404.1667,17.075
2026-07-31 08:00:00+00:00,1038.85,1096.48,37879.77,5.8167,22.8167,84.1667,506.1667,20.005
2026-07-31 09:00:00+00:00,1116.7,1049.86,44739.2,6.95,24.4833,65.6667,652.0,17.849
2026-07-31 10:00:00+00:00,1784.37,860.53,47687.52,8.7167,26.5333,62.0,638.1667,14.399
2026-07-31 11:00:00+00:00,2934.0,848.85,46135.11,12.0333,27.6667,63.1667,615.1667,18.45
2026-07-31 12:00:00+00:00,4126.76,677.72,42029.08,12.9167,28.5333,72.5,619.8333,16.263
2026-07-31 13:00:00+00:00,5010.24,449.84,34986.04,16.2667,29.0833,76.5,529.8333,13.382
2026-07-31 14:00:00+00:00,5193.51,278.43,27005.36,16.6667,29.0667,77.8333,404.8333,8.757
2026-07-31 15:00:00+00:00,5914.73,208.32,18849.47,16.4333,28.2,68.6667,310.0,7.757
2026-07-31 16:00:00+00:00,6355.25,184.16,10977.75,19.65,27.5667,77.1667,205.0,4.653
2026-07-31 17:00:00+00:00,6490.7,212.67,4854.11,19.0333,26.55,68.5,110.5,6.227
2026-07-31 18:00:00+00:00,6378.13,230.77,1081.92,19.5667,24.5,90.0,26.5,5.998
2026-07-31 19:00:00+00:00,5232.38,161.38,28.1,24.8833,22.6333,93.0,0.8333,7.532
2026-07-31 20:00:00+00:00,4294.88,141.62,0.0,19.0667,21.5167,100.0,0.0,12.04
2026-07-31 21:00:00+00:00,4673.31,116.9,0.0,18.4667,20.4667,99.0,0.0,9.826
2026-07-31 22:00:00+00:00,4088.01,156.08,0.0,15.7333,19.4333,73.8333,0.0,11.838
2026-07-31 23:00:00+00:00,4702.46,195.61,0.0,12.0667,18.6333,100.0,0.0,10.242
2026-08-01 00:00:00+00:00,5260.07,327.07,0.0,17.8667,18.0167,87.5,0.0,10.52
2026-08-01 01:00:00+00:00,5429.82,452.48,0.0,14.4833,17.3333,81.3333,0.0,12.37
2026-08-01 02:00:00+00:00,6006.29,564.11,0.0,14.3167,16.8,63.6667,0.0,13.798
2026-08-01 03:00:00+00:00,6512.11,827.3,33.81,15.75,16.55,66.0,1.0,16.243
2026-08-01 04:00:00+00:00,6361.39,1071.35,1351.67,17.0,16.1,95.8333,30.0,19.546
2026-08-01 05:00:00+00:00,4995.51,842.63,4970.19,15.85,16.1667,86.1667,87.1667,16.936
2026-08-01 06:00:00+00:00,3902.92,591.44,10901.79,10.5,16.8,97.6667,196.0,16.157
2026-08-01 07:00:00+00:00,3361.11,381.87,18701.31,10.45,18.15,88.3333,312.8333,15.27
2026-08-01 08:00:00+00:00,3466.81,334.56,27421.26,8.4333,19.5667,80.0,399.0,9.876
2026-08-01 09:00:00+00:00,3662.72,519.01,34416.72,10.2833,20.9667,74.0,526.0,13.411
2026-08-01 10:00:00+00:00,3718.1,1001.45,38646.94,10.0,21.8667,72.0,536.1667,17.899
2026-08-01 11:00:00+00:00,4241.36,1238.81,40634.31,13.2333,22.6667,65.6667,534.1667,19.811
2026-08-01 12:00:00+00:00,4631.6,1431.42,40597.89,16.85,22.7667,70.6667,563.0,22.293
2026-08-01 13:00:00+00:00,4582.85,1339.32,38691.77,14.3833,23.8333,71.1667,574.8333,24.86
2026-08-01 14:00:00+00:00,4854.66,1166.64,34411.35,16.1167,24.3,74.3333,447.1667,25.016
2026-08-01 15:00:00+00:00,4433.97,1242.93,27000.22,18.1833,23.95,56.5,402.5,23.463
2026-08-01 16:00:00+00:00,4026.49,1392.13,17040.8,15.2167,23.7833,30.8333,282.5,23.138
2026-08-01 17:00:00+00:00,3508.29,1200.99,7305.14,16.7833,23.3833,52.5,148.6667,21.876
2026-08-01 18:00:00+00:00,2987.45,1096.31,1397.54,14.9333,22.8333,59.6667,41.5,21.901
2026-08-01 19:00:00+00:00,3044.46,1090.23,26.46,13.35,21.2167,51.6667,0.6667,23.094
2026-08-01 20:00:00+00:00,3564.03,1312.21,0.0,15.75,19.3667,42.5,0.0,22.456
2026-08-01 21:00:00+00:00,4098.25,1326.83,0.0,15.4167,17.85,47.8333,0.0,23.616
2026-08-01 22:00:00+00:00,4352.79,1270.98,0.0,13.35,16.9833,59.5,0.0,21.773
2026-08-01 23:00:00+00:00,4198.82,1241.91,0.0,12.8667,16.0667,62.8333,0.0,20.941
2026-08-02 00:00:00+00:00,3924.69,1244.32,0.0,12.8833,15.35,56.5,0.0,21.994
2026-08-02 01:00:00+00:00,4124.24,1101.53,0.0,13.9667,14.6333,47.3333,0.0,23.397
2026-08-02 02:00:00+00:00,4298.25,927.83,0.0,13.5833,13.85,52.0,0.0,21.39
2026-08-02 03:00:00+00:00,4589.31,863.97,55.64,12.0333,13.3667,47.3333,1.3333,20.637
2026-08-02 04:00:00+00:00,4772.9,843.68,2261.31,12.4333,13.1,45.8333,46.1667,18.905
2026-08-02 05:00:00+00:00,4199.85,794.55,9294.74,11.5833,13.6833,59.5,152.0,14.881
2026-08-02 06:00:00+00:00,2867.85,709.47,21144.82,11.35,15.6833,62.6667,291.6667,17.775
2026-08-02 07:00:00+00:00,1847.73,560.34,34378.55,7.9333,18.3833,46.5,451.1667,17.172
2026-08-02 08:00:00+00:00,1710.05,444.12,43123.93,9.2667,20.8167,51.3333,585.3333,17.679
2026-08-02 09:00:00+00:00,2028.18,383.97,47652.62,11.65,22.8167,43.8333,674.6667,15.583
2026-08-02 10:00:00+00:00,1891.06,297.77,50180.61,13.5333,23.9833,47.3333,710.8333,11.585
2026-08-02 11:00:00+00:00,1504.33,228.57,50218.57,13.2167,25.15,42.5,697.1667,10.574
2026-08-02 12:00:00+00:00,1553.08,179.29,48836.14,12.8333,25.9833,31.1667,715.5,12.238
2026-08-02 13:00:00+00:00,1509.92,145.0,44708.64,12.5667,26.7333,61.3333,645.1667,8.046
2026-08-02 14:00:00+00:00,1657.19,119.0,39698.86,13.3333,27.0667,64.6667,564.0,5.651
2026-08-02 15:00:00+00:00,2846.2,48.12,31363.27,15.6167,26.95,12.6667,476.1667,0.757
2026-08-02 16:00:00+00:00,4665.37,116.38,19101.65,15.0167,26.9333,9.8333,319.8333,2.974
2026-08-02 17:00:00+00:00,6219.27,256.65,7823.99,19.3833,26.2833,27.6667,164.3333,6.344
2026-08-02 18:00:00+00:00,8177.44,353.94,1478.02,19.4667,25.4333,20.8333,43.6667,9.843
2026-08-02 19:00:00+00:00,13218.53,385.43,14.48,22.4667,23.2833,9.5,0.5,11.316
2026-08-02 20:00:00+00:00,17847.57,496.39,0.0,24.3667,21.2667,22.6667,0.0,14.614
2026-08-02 21:00:00+00:00,19710.99,662.85,0.0,24.5833,20.2167,28.3333,0.0,16.644
2026-08-02 22:00:00+00:00,19420.28,787.81,0.0,22.6667,19.0333,42.8333,0.0,19.068
2026-08-02 23:00:00+00:00,18823.27,1013.96,0.0,22.05,18.15,29.1667,0.0,19.268
2026-08-03 00:00:00+00:00,18110.93,1294.72,0.0,23.15,17.9333,32.6667,0.0,18.783
2026-08-03 01:00:00+00:00,17041.6,1558.88,0.0,22.35,17.2667,48.0,0.0,20.847
2026-08-03 02:00:00+00:00,16249.64,1787.81,0.0,23.1833,16.85,20.0,0.0,23.192
2026-08-03 03:00:00+00:00,15600.62,2250.94,53.32,23.4333,16.3667,18.6667,1.1667,23.178
2026-08-03 04:00:00+00:00,15431.56,2714.84,2296.06,21.3833,16.0333,54.1667,45.0,25.002
2026-08-03 05:00:00+00:00,12593.83,2921.2,9407.84,20.4,16.7333,54.1667,151.6667,26.982
2026-08-03 06:00:00+00:00,7206.89,3063.85,20925.57,18.7333,18.6333,36.5,297.6667,28.214
2026-08-03 07:00:00+00:00,4464.52,3062.04,33010.93,14.4,20.8,38.0,437.3333,28.743
2026-08-03 08:00:00+00:00,4976.54,2820.15,42820.35,13.4333,23.2667,63.3333,566.5,27.26
2026-08-03 09:00:00+00:00,5722.77,2246.67,49933.55,13.3833,25.45,32.3333,667.3333,25.237
2026-08-03 10:00:00+00:00,5572.06,2202.16,53011.2,13.4167,27.3667,39.1667,741.1667,24.864
2026-08-03 11:00:00+00:00,5410.78,2596.12,53298.9,13.7333,29.0167,57.1667,758.0,23.214
2026-08-03 12:00:00+00:00,5183.89,3350.07,50405.7,14.2667,30.2833,50.3333,720.6667,23.556
2026-08-03 13:00:00+00:00,5061.07,3433.12,45150.9,14.2,31.1,56.5,604.1667,24.483
2026-08-03 14:00:00+00:00,5206.7,3790.52,36951.45,19.65,30.2,61.3333,521.6667,28.064
2026-08-03 15:00:00+00:00,5867.36,4255.97,26516.52,14.3,31.0,63.0,412.3333,27.63
2026-08-03 16:00:00+00:00,6882.0,4799.98,14852.17,14.6833,30.9833,36.0,301.1667,27.56
2026-08-03 17:00:00+00:00,8304.78,5561.55,5773.8,13.7,30.4833,32.8333,147.5,27.751
2026-08-03 18:00:00+00:00,9423.78,6624.36,1048.44,15.05,29.3333,41.3333,35.1667,29.624
2026-08-03 19:00:00+00:00,13254.58,6393.6,12.09,17.8833,27.4167,63.3333,0.5,31.945
2026-08-03 20:00:00+00:00,15522.26,6218.53,0.0,21.1667,25.0833,66.0,0.0,36.369
2026-08-03 21:00:00+00:00,16712.72,6057.6,0.0,22.4833,23.7,82.6667,0.0,35.763
2026-08-03 22:00:00+00:00,17179.83,6200.55,0.0,24.9833,22.5,72.6667,0.0,36.41
2026-08-03 23:00:00+00:00,15758.3,6358.77,0.0,24.0333,21.9833,78.8333,0.0,35.527
2026-08-04 00:00:00+00:00,14058.37,6347.97,0.0,18.6,20.9833,76.8333,0.0,33.652
2026-08-04 01:00:00+00:00,11793.94,5424.05,0.0,12.9333,20.9333,85.3333,0.0,30.975
2026-08-04 02:00:00+00:00,9266.54,4174.24,0.0,17.4333,20.6667,87.0,0.0,30.088
2026-08-04 03:00:00+00:00,9834.43,2735.19,49.33,16.1333,20.0,86.0,0.8333,25.715
2026-08-04 04:00:00+00:00,9838.7,2202.45,1738.96,17.6,19.9833,86.0,26.6667,17.411
2026-08-04 05:00:00+00:00,8493.75,2095.53,7106.48,17.75,20.3167,89.3333,111.3333,15.56
2026-08-04 06:00:00+00:00,6327.8,2149.18,15848.59,16.1833,21.5333,82.6667,220.5,15.532
2026-08-04 07:00:00+00:00,4304.02,2727.73,25830.3,10.8333,23.35,76.5,347.0,16.849
2026-08-04 08:00:00+00:00,4112.5,2999.91,35842.09,9.6833,25.05,59.5,441.6667,16.422
2026-08-04 09:00:00+00:00,3955.69,2485.51,44559.53,9.1,26.5833,57.8333,534.0,16.346
2026-08-04 10:00:00+00:00,3640.27,1889.51,49253.57,11.95,28.1,55.6667,635.1667,14.742
2026-08-04 11:00:00+00:00,3593.19,1681.96,50994.63,10.4833,29.4833,54.3333,660.1667,15.365
2026-08-04 12:00:00+00:00,3231.21,1631.71,49828.73,11.6833,30.55,25.5,744.3333,14.476
2026-08-04 13:00:00+00:00,3533.23,1475.18,44367.21,10.75,31.85,43.1667,610.1667,12.959
2026-08-04 14:00:00+00:00,3679.86,1238.67,35769.99,9.85,32.0167,25.1667,500.6667,11.297
2026-08-04 15:00:00+00:00,3772.5,1182.58,25657.15,14.7333,31.3667,54.3333,397.3333,12.83
2026-08-04 16:00:00+00:00,3759.3,1409.54,14694.83,11.1667,30.8833,53.1667,274.5,15.018
2026-08-04 17:00:00+00:00,3777.72,1366.06,5504.69,15.4833,30.3667,33.5,124.8333,14.733
2026-08-04 18:00:00+00:00,4521.13,1430.95,965.1,16.75,29.55,42.0,28.5,13.316
2026-08-04 19:00:00+00:00,5283.61,2012.24,5.59,17.8,27.4833,49.5,0.1667,11.636
2026-08-04 20:00:00+00:00,6115.57,1900.97,0.0,20.3333,25.7167,73.5,0.0,14.063
2026-08-04 21:00:00+00:00,7732.59,1926.92,0.0,24.1167,24.5,86.8333,0.0,12.057
2026-08-04 22:00:00+00:00,8754.02,2311.07,0.0,20.45,23.1667,81.5,0.0,15.457
2026-08-04 23:00:00+00:00,8735.03,3110.27,0.0,20.1667,23.4833,86.6667,0.0,18.057
2026-08-05 00:00:00+00:00,8521.43,4314.31,0.0,18.5,22.7333,93.6667,0.0,20.22
2026-08-05 01:00:00+00:00,8151.28,5213.16,0.0,16.7,22.0,69.8333,0.0,24.095
2026-08-05 02:00:00+00:00,9012.05,5921.02,0.0,17.0167,21.3667,69.3333,0.0,28.469
2026-08-05 03:00:00+00:00,9976.22,6028.84,39.78,16.0833,20.9,52.5,0.3333,30.602
2026-08-05 04:00:00+00:00,10664.27,6073.14,1498.97,21.2333,20.55,53.6667,33.0,30.966
2026-08-05 05:00:00+00:00,9821.7,5820.94,7406.17,19.2833,21.1,31.3333,151.0,30.234
2026-08-05 06:00:00+00:00,7439.61,5755.46,17849.65,16.4667,22.3833,50.3333,245.5,31.098
2026-08-05 07:00:00+00:00,7152.04,5790.64,29867.73,15.4333,23.6333,52.8333,376.8333,31.971
2026-08-05 08:00:00+00:00,8669.74,5566.75,40089.04,16.4833,25.0,81.0,439.0,31.735
2026-08-05 09:00:00+00:00,10352.26,6013.32,46380.77,14.85,26.6833,42.5,646.6667,30.617
2026-08-05 10:00:00+00:00,11104.27,5810.84,47339.45,16.8667,27.8,48.1667,692.0,34.931
2026-08-05 11:00:00+00:00,11160.98,5493.3,45490.3,18.3167,28.9167,41.5,711.3333,34.927
2026-08-05 12:00:00+00:00,12588.62,5338.06,43793.85,18.9833,29.4833,44.6667,659.5,32.01
2026-08-05 13:00:00+00:00,13094.75,5187.85,39998.53,22.5833,29.7167,73.8333,527.6667,31.523
2026-08-05 14:00:00+00:00,13475.47,4276.12,34234.63,19.95,29.5667,49.8333,458.3333,29.435
2026-08-05 15:00:00+00:00,14219.72,3770.16,25688.07,17.5167,29.45,49.6667,375.0,27.388
2026-08-05 16:00:00+00:00,12310.19,3968.58,15440.95,17.2,29.2167,63.6667,213.5,24.089
2026-08-05 17:00:00+00:00,10046.56,3747.71,6199.98,18.1333,28.2333,56.1667,122.3333,19.257
2026-08-05 18:00:00+00:00,7774.03,3357.57,1063.86,14.75,27.5,48.3333,27.0,20.479
2026-08-05 19:00:00+00:00,6031.54,2521.71,8.59,17.9167,25.4833,72.6667,0.0,20.675
2026-08-05 20:00:00+00:00,5446.12,1258.4,0.0,19.3667,23.9833,64.6667,0.0,24.54
2026-08-05 21:00:00+00:00,5896.23,973.02,0.0,17.3333,22.4,85.3333,0.0,16.742
2026-08-05 22:00:00+00:00,6104.18,1328.41,0.0,17.8,21.2833,57.6667,0.0,16.98
2026-08-05 23:00:00+00:00,5674.05,1790.43,0.0,17.7,20.75,28.3333,0.0,17.342
2026-08-06 00:00:00+00:00,6202.23,2979.17,0.0,16.9833,20.25,36.3333,0.0,22.804
2026-08-06 01:00:00+00:00,7128.99,3986.34,0.0,17.0833,19.5833,55.6667,0.0,30.478
2026-08-06 02:00:00+00:00,8505.94,5204.79,0.0,18.15,19.0667,40.3333,0.0,32.662
2026-08-06 03:00:00+00:00,9033.82,5759.21,18.98,17.1833,18.35,51.0,0.5,32.23
2026-08-06 04:00:00+00:00,9853.7,6361.33,1683.02,18.35,18.0833,50.3333,36.5,36.454
2026-08-06 05:00:00+00:00,9601.79,6297.71,8168.64,18.2667,18.3667,43.6667,148.1667,37.471
2026-08-06 06:00:00+00:00,9882.57,6416.03,19235.86,14.8833,19.2833,38.8333,285.5,36.598
2026-08-06 07:00:00+00:00,11453.28,5828.3,30975.61,15.8833,20.65,56.8333,380.6667,39.377
2026-08-06 08:00:00+00:00,12955.12,4424.56,39048.17,16.9,21.95,88.6667,453.8333,38.201
2026-08-06 09:00:00+00:00,13958.89,5175.29,41305.71,17.8333,23.2667,78.6667,563.3333,38.482
2026-08-06 10:00:00+00:00,15241.27,6272.9,41091.56,20.8667,24.2333,78.8333,634.6667,41.828
2026-08-06 11:00:00+00:00,14514.4,6227.62,40072.85,23.9833,25.1,65.0,627.8333,43.757
2026-08-06 12:00:00+00:00,15197.81,6437.89,38543.85,23.8167,25.2167,45.1667,602.8333,42.149
2026-08-06 13:00:00+00:00,15768.24,5774.59,34919.63,26.5,25.5167,55.5,570.1667,43.087
2026-08-06 14:00:00+00:00,18620.99,4845.2,30441.77,26.7667,25.55,66.5,460.5,39.363
2026-08-06 15:00:00+00:00,21939.44,4825.79,23257.0,24.9,24.9,67.1667,336.5,37.194
2026-08-06 16:00:00+00:00,22401.52,5636.78,14326.48,27.9667,24.3833,51.6667,253.0,38.407
2026-08-06 17:00:00+00:00,19522.73,5632.21,6006.2,27.1667,23.4333,65.3333,124.5,36.871
2026-08-06 18:00:00+00:00,14458.86,5728.48,1041.01,26.05,22.5833,63.0,24.1667,35.0
2026-08-06 19:00:00+00:00,11319.83,5607.03,7.26,24.8667,21.25,40.3333,0.0,32.79
2026-08-06 20:00:00+00:00,9998.55,5465.39,0.0,21.0,19.7333,52.5,0.0,36.493
2026-08-06 21:00:00+00:00,10031.76,5100.91,0.0,18.4833,18.6167,26.0,0.0,34.351
2026-08-06 22:00:00+00:00,9756.92,4655.29,0.0,21.2333,17.7333,30.8333,0.0,30.823
2026-08-06 23:00:00+00:00,10082.59,4713.1,0.0,19.5,16.75,30.0,0.0,28.733
2026-08-07 00:00:00+00:00,9665.12,4429.62,0.0,16.35,15.6667,29.0,0.0,30.259
2026-08-07 01:00:00+00:00,8654.83,4393.49,0.0,15.5333,15.3167,32.0,0.0,33.509
2026-08-07 02:00:00+00:00,8339.29,4181.23,0.0,15.6833,14.8833,39.0,0.0,34.718
2026-08-07 03:00:00+00:00,8421.97,4040.93,18.94,15.85,14.6333,41.0,0.5,29.461
2026-08-07 04:00:00+00:00,7857.46,4157.93,1675.2,14.6167,14.3167,42.1667,31.8333,26.374
2026-08-07 05:00:00+00:00,6150.64,3705.94,8097.63,12.9167,14.4333,49.3333,123.6667,25.329
2026-08-07 06:00:00+00:00,4677.84,2798.93,18757.45,10.9333,15.4333,32.5,285.8333,26.259
2026-08-07 07:00:00+00:00,4994.33,2474.05,30298.53,10.0,17.0333,37.0,411.0,24.918
2026-08-07 08:00:00+00:00,5068.45,2242.46,38701.75,12.45,18.6667,36.3333,486.3333,25.688
2026-08-07 09:00:00+00:00,4923.61,1967.69,43510.21,11.0667,19.7333,59.6667,514.5,23.32
2026-08-07 10:00:00+00:00,5070.73,1710.47,45321.38,13.4833,20.6833,62.1667,606.1667,20.819
2026-08-07 11:00:00+00:00,5018.49,1688.7,45588.34,14.4167,21.6667,60.3333,599.3333,21.928
2026-08-07 12:00:00+00:00,5075.95,1712.14,43972.69,14.3667,22.1167,57.6667,580.8333,19.094
2026-08-07 13:00:00+00:00,5002.41,1512.33,40229.72,12.9167,22.5333,69.6667,486.8333,19.13
2026-08-07 14:00:00+00:00,5146.56,1435.49,33787.09,16.7167,22.6833,71.5,406.6667,26.012
2026-08-07 15:00:00+00:00,4989.8,1405.49,25136.51,14.2667,22.6167,64.0,334.8333,22.707
2026-08-07 16:00:00+00:00,4927.17,1262.84,15395.01,15.6833,22.3833,50.8333,233.8333,23.774
2026-08-07 17:00:00+00:00,4887.84,1363.95,6203.86,16.3,21.8167,52.0,122.8333,21.021
2026-08-07 18:00:00+00:00,4234.52,1089.72,975.64,16.3333,21.3167,45.0,26.5,21.959
2026-08-07 19:00:00+00:00,4578.34,728.14,4.52,18.7,19.7,38.8333,0.0,19.417
2026-08-07 20:00:00+00:00,5271.49,551.11,0.0,15.4667,18.4,35.0,0.0,17.394
2026-08-07 21:00:00+00:00,5649.63,578.86,0.0,14.2333,17.3167,22.0,0.0,17.605
2026-08-07 22:00:00+00:00,5802.01,606.95,0.0,15.4,16.4333,55.3333,0.0,17.721
2026-08-07 23:00:00+00:00,5455.3,676.65,0.0,15.1,15.8333,35.5,0.0,16.362
2026-08-08 00:00:00+00:00,5144.16,768.24,0.0,14.35,14.7833,39.3333,0.0,15.557
2026-08-08 01:00:00+00:00,4638.61,722.4,0.0,13.35,14.3,20.8333,0.0,14.655
2026-08-08 02:00:00+00:00,4184.11,696.2,0.0,11.8833,13.6333,25.1667,0.0,15.433
2026-08-08 03:00:00+00:00,3977.54,670.22,20.67,11.25,12.4,24.8333,0.5,15.678
2026-08-08 04:00:00+00:00,3963.42,616.36,1929.06,11.5,11.8667,13.6667,40.3333,15.323
2026-08-08 05:00:00+00:00,3600.02,502.22,9857.46,11.5333,12.2333,7.8333,163.1667,15.173
2026-08-08 06:00:00+00:00,2044.75,476.18,23195.98,11.1667,14.6333,5.8333,311.5,13.924
2026-08-08 07:00:00+00:00,1097.84,453.91,36802.24,7.0167,16.9667,10.6667,462.8333,13.69
2026-08-08 08:00:00+00:00,834.94,464.89,45929.86,6.9833,19.3167,7.3333,600.6667,14.364
2026-08-08 09:00:00+00:00,892.72,201.73,49515.28,8.5833,21.4833,21.1667,693.6667,15.367
2026-08-08 10:00:00+00:00,729.37,138.1,51272.38,8.8667,22.9167,18.5,757.3333,15.533
2026-08-08 11:00:00+00:00,564.02,131.84,51227.71,9.6833,24.15,17.1667,770.6667,13.557
2026-08-08 12:00:00+00:00,482.65,143.59,49303.6,9.35,25.05,37.5,763.3333,14.485
2026-08-08 13:00:00+00:00,517.34,157.59,46088.22,9.0,25.7833,17.1667,703.8333,13.336
2026-08-08 14:00:00+00:00,671.55,186.36,40334.49,9.25,26.25,11.5,601.1667,12.821
2026-08-08 15:00:00+00:00,1090.46,189.49,32602.72,8.95,26.45,10.0,462.0,11.233
2026-08-08 16:00:00+00:00,1403.93,107.28,18857.87,8.2167,26.35,12.6667,304.5,7.514
2026-08-08 17:00:00+00:00,2088.68,80.6,6933.24,10.5667,25.8,3.0,150.0,3.515
2026-08-08 18:00:00+00:00,3681.98,125.55,920.15,11.7333,25.1,6.0,31.8333,8.08
2026-08-08 19:00:00+00:00,6751.53,160.01,2.44,16.3833,22.3167,2.3333,0.0,10.67
2026-08-08 20:00:00+00:00,10666.88,285.48,0.0,19.05,20.2833,21.8333,0.0,12.73
2026-08-08 21:00:00+00:00,14373.94,466.24,0.0,21.2167,19.2333,50.6667,0.0,12.917
2026-08-08 22:00:00+00:00,16296.52,663.72,0.0,21.0833,18.25,46.6667,0.0,14.302
2026-08-08 23:00:00+00:00,16581.18,880.63,0.0,21.7,17.1167,23.8333,0.0,15.736
2026-08-09 00:00:00+00:00,15952.86,1094.47,0.0,20.5833,16.0667,19.1667,0.0,16.896
2026-08-09 01:00:00+00:00,15326.43,1189.77,0.0,23.45,15.3167,24.1667,0.0,18.028
2026-08-09 02:00:00+00:00,14461.92,1079.19,0.0,24.5833,15.0333,23.3333,0.0,18.566
2026-08-09 03:00:00+00:00,13817.03,943.71,18.3,23.3,14.5667,32.5,0.3333,17.742
2026-08-09 04:00:00+00:00,13142.29,680.67,1842.53,19.0167,14.2667,43.5,36.6667,15.447
2026-08-09 05:00:00+00:00,10827.67,650.83,9479.23,21.3833,14.8833,26.5,153.6667,13.923
2026-08-09 06:00:00+00:00,6148.41,608.69,22045.48,17.85,17.3,32.8333,304.6667,12.759
2026-08-09 07:00:00+00:00,3015.56,642.41,34997.7,12.15,19.8667,30.8333,450.1667,11.58
2026-08-09 08:00:00+00:00,1932.97,498.81,43764.8,10.1,22.5167,31.1667,600.5,10.835
2026-08-09 09:00:00+00:00,1748.72,434.52,47590.77,10.5833,25.7167,25.3333,712.0,11.146
2026-08-09 10:00:00+00:00,1902.14,459.66,49661.77,10.2,28.05,36.1667,768.8333,11.161
2026-08-09 11:00:00+00:00,2430.72,572.0,48612.75,11.3667,29.7167,19.8333,790.5,12.159
2026-08-09 12:00:00+00:00,4426.4,736.32,45433.8,13.1,30.8,39.1667,756.3333,13.581
2026-08-09 13:00:00+00:00,7252.13,813.81,39109.63,16.05,31.6167,66.1667,646.6667,13.17
2026-08-09 14:00:00+00:00,9069.48,841.83,31947.16,17.9833,31.6833,65.8333,521.8333,13.134
2026-08-09 15:00:00+00:00,9677.34,1105.37,23285.85,17.7833,30.95,60.5,345.8333,14.826
2026-08-09 16:00:00+00:00,8390.49,1336.52,12460.85,17.6333,30.0833,68.1667,236.8333,15.652
2026-08-09 17:00:00+00:00,6285.99,1562.71,4551.18,16.5667,29.0833,64.6667,108.5,15.714
2026-08-09 18:00:00+00:00,5574.18,1704.69,611.64,16.2333,27.7833,67.1667,20.6667,18.132
2026-08-09 19:00:00+00:00,6431.43,1465.35,1.49,16.8167,25.2667,70.6667,0.0,18.367
2026-08-09 20:00:00+00:00,7627.83,1430.87,0.0,13.05,23.4,66.8333,0.0,17.791
2026-08-09 21:00:00+00:00,7604.2,1625.17,0.0,12.7667,21.9833,87.8333,0.0,18.191
2026-08-09 22:00:00+00:00,7805.48,1743.2,0.0,13.05,21.05,74.0,0.0,18.21
2026-08-09 23:00:00+00:00,7925.99,1063.97,0.0,17.65,20.0667,56.3333,0.0,14.413
2026-08-10 00:00:00+00:00,7245.05,672.12,0.0,20.0667,19.8167,85.1667,0.0,13.669
2026-08-10 01:00:00+00:00,6844.02,626.1,0.0,20.7,19.2667,66.5,0.0,17.409
2026-08-10 02:00:00+00:00,6444.45,504.01,0.0,23.15,18.9,78.1667,0.0,17.066
2026-08-10 03:00:00+00:00,7090.91,615.04,3.53,19.8,18.7333,83.6667,0.1667,14.898
2026-08-10 04:00:00+00:00,8434.36,650.13,1327.19,19.5833,18.4667,63.6667,25.5,13.282
2026-08-10 05:00:00+00:00,8579.75,585.29,7501.22,19.8833,18.5667,47.3333,100.5,8.134
2026-08-10 06:00:00+00:00,6829.79,616.28,18258.86,17.5833,19.7167,62.5,216.5,9.274
2026-08-10 07:00:00+00:00,5213.92,1299.35,29898.29,13.9167,21.2167,56.8333,356.0,16.206
2026-08-10 08:00:00+00:00,6429.98,2479.89,39519.36,13.0833,23.0833,49.8333,498.5,17.507
2026-08-10 09:00:00+00:00,8917.97,2776.44,45567.79,14.4667,25.3,34.0,581.0,28.555
2026-08-10 10:00:00+00:00,11382.43,2602.64,47568.57,15.6167,26.4667,56.6667,594.8333,27.803
2026-08-10 11:00:00+00:00,14239.34,2445.04,45364.06,20.8667,27.4333,45.8333,564.5,29.738
2026-08-10 12:00:00+00:00,17278.34,2432.77,40354.73,22.3167,27.8167,74.5,480.8333,30.861
2026-08-10 13:00:00+00:00,19967.5,3531.12,35293.38,23.5167,27.9333,85.3333,420.3333,33.014
2026-08-10 14:00:00+00:00,20793.38,3132.4,29694.06,27.7,27.3667,79.3333,353.3333,30.291
2026-08-10 15:00:00+00:00,21513.58,4013.21,22153.99,25.3167,25.5,75.8333,292.3333,31.843
2026-08-10 16:00:00+00:00,21706.89,3849.84,13522.15,25.4333,24.8667,68.6667,195.8333,31.134
2026-08-10 17:00:00+00:00,20235.23,3983.53,5305.65,25.5833,23.8833,61.5,100.6667,35.867
2026-08-10 18:00:00+00:00,17083.63,4030.49,730.78,22.75,23.0667,43.0,22.5,34.522
2026-08-10 19:00:00+00:00,15222.09,4229.79,1.46,23.5833,21.65,32.5,0.0,33.676
2026-08-10 20:00:00+00:00,14809.89,5448.89,0.0,22.1167,20.4,32.8333,0.0,38.136
2026-08-10 21:00:00+00:00,14787.27,5591.68,0.0,22.6333,19.0667,13.3333,0.0,35.567
2026-08-10 22:00:00+00:00,14655.6,6272.24,0.0,20.85,18.0333,34.1667,0.0,36.729
2026-08-10 23:00:00+00:00,14611.73,6274.85,0.0,21.8833,17.0167,9.6667,0.0,37.107
2026-08-11 00:00:00+00:00,14367.14,6138.94,0.0,21.1,16.5167,22.1667,0.0,39.214
2026-08-11 01:00:00+00:00,13577.9,5792.14,0.0,21.9,15.65,16.8333,0.0,37.805
2026-08-11 02:00:00+00:00,12917.62,5827.91,0.0,20.45,15.0,27.6667,0.0,40.176
2026-08-11 03:00:00+00:00,12017.78,5631.43,9.25,19.9,14.3667,32.1667,0.1667,36.808
2026-08-11 04:00:00+00:00,11537.92,5396.32,1551.54,18.7333,13.9167,7.6667,34.3333,37.316
2026-08-11 05:00:00+00:00,9040.16,5388.33,8660.08,16.6167,13.8833,9.0,147.6667,34.967
2026-08-11 06:00:00+00:00,6529.69,5238.04,20919.25,14.45,15.45,16.3333,301.0,32.405
2026-08-11 07:00:00+00:00,7290.32,4085.92,33534.75,13.5333,17.4,8.5,461.1667,32.604
2026-08-11 08:00:00+00:00,7787.62,2982.49,43386.7,17.1167,19.1,20.0,583.5,29.834
2026-08-11 09:00:00+00:00,6921.9,2305.55,49871.17,18.2333,20.5833,37.1667,647.0,27.353
2026-08-11 10:00:00+00:00,5661.97,1980.43,52400.36,16.85,21.6,40.8333,683.6667,27.53
2026-08-11 11:00:00+00:00,4533.98,1641.83,51278.63,18.0167,22.5333,30.6667,725.3333,24.57
2026-08-11 12:00:00+00:00,4726.92,1333.23,50023.14,16.5,23.3167,25.6667,703.1667,22.284
2026-08-11 13:00:00+00:00,5424.99,1237.67,48366.22,17.9167,23.9667,29.8333,652.8333,22.904
2026-08-11 14:00:00+00:00,6207.94,1256.86,41195.0,16.7667,24.2333,24.5,578.6667,23.781
2026-08-11 15:00:00+00:00,7074.46,1291.47,30961.08,17.6167,24.2,33.6667,422.1667,23.029
2026-08-11 16:00:00+00:00,6926.34,1019.54,17843.62,17.0,23.8167,40.5,272.8333,19.636
2026-08-11 17:00:00+00:00,6538.69,812.21,6325.14,20.3,23.05,34.8333,126.5,19.576
2026-08-11 18:00:00+00:00,6286.21,596.87,748.75,19.15,22.1667,17.1667,23.8333,17.072
2026-08-11 19:00:00+00:00,7429.59,484.29,1.03,21.1833,20.4333,6.3333,0.0,16.821
2026-08-11 20:00:00+00:00,8595.52,522.26,0.0,22.85,19.1833,2.1667,0.0,18.547
2026-08-11 21:00:00+00:00,8917.56,545.84,0.0,23.3,17.9,5.0,0.0,15.476
2026-08-11 22:00:00+00:00,8349.88,348.35,0.0,21.3167,16.8333,0.3333,0.0,13.782
2026-08-11 23:00:00+00:00,7708.6,198.01,0.0,19.8667,15.7833,0.0,0.0,11.662
2026-08-12 00:00:00+00:00,7037.06,155.03,0.0,17.8667,14.6833,0.0,0.0,8.049
2026-08-12 01:00:00+00:00,6630.15,124.25,0.0,16.6333,13.9667,0.0,0.0,7.743
2026-08-12 02:00:00+00:00,6179.16,72.49,0.0,15.7833,13.2833,0.5,0.0,8.13
2026-08-12 03:00:00+00:00,5972.19,49.78,7.68,14.3667,11.95,19.1667,0.1667,8.19
2026-08-12 04:00:00+00:00,6054.06,38.08,1556.9,14.4833,11.3667,12.6667,31.5,8.495
2026-08-12 05:00:00+00:00,5327.62,10.96,9083.28,13.75,11.5667,13.8333,148.1667,9.259
2026-08-12 06:00:00+00:00,2912.78,22.5,22266.5,12.2167,13.9,3.6667,303.0,9.827
2026-08-12 07:00:00+00:00,1316.7,32.32,35984.46,9.6833,16.5,0.1667,460.5,11.589
2026-08-12 08:00:00+00:00,1262.8,55.64,46446.02,9.4333,18.85,13.0,596.1667,11.121
2026-08-12 09:00:00+00:00,1501.85,103.56,53952.34,9.4,21.2333,22.0,702.8333,11.33
2026-08-12 10:00:00+00:00,1159.12,125.69,56886.51,10.05,22.8,28.3333,774.5,11.489
2026-08-12 11:00:00+00:00,982.59,201.09,57715.12,10.15,24.3167,21.5,793.0,12.4
2026-08-12 12:00:00+00:00,1290.42,275.17,56548.4,10.6667,25.45,30.0,763.6667,13.688
2026-08-12 13:00:00+00:00,1640.64,393.12,51829.57,11.0667,26.3167,34.6667,692.1667,15.267
2026-08-12 14:00:00+00:00,1907.77,413.05,43363.71,12.4,26.8167,14.3333,586.0,14.269
2026-08-12 15:00:00+00:00,2299.63,468.84,31754.49,13.3833,27.05,17.3333,446.1667,12.623
2026-08-12 16:00:00+00:00,2866.98,560.0,17840.59,14.8333,26.8667,5.6667,288.5,14.435
2026-08-12 17:00:00+00:00,3914.62,675.0,5190.11,16.8667,26.1,4.3333,133.6667,17.178
2026-08-12 18:00:00+00:00,6818.23,851.54,76.24,17.3333,24.85,0.3333,22.3333,19.121
2026-08-12 19:00:00+00:00,11030.64,994.72,0.51,21.3333,22.1333,7.8333,0.0,20.694
2026-08-12 20:00:00+00:00,13994.51,1102.98,0.0,22.2833,20.15,8.0,0.0,19.526
2026-08-12 21:00:00+00:00,15232.57,1427.13,0.0,22.0,18.8,0.0,0.0,18.853
2026-08-12 22:00:00+00:00,15377.11,1703.22,0.0,23.1833,17.85,0.0,0.0,19.528
2026-08-12 23:00:00+00:00,15144.94,1736.68,0.0,23.2667,16.9167,0.0,0.0,18.94
2026-08-13 00:00:00+00:00,14371.27,1527.54,0.0,21.0833,16.2,0.0,0.0,18.857
2026-08-13 01:00:00+00:00,12948.7,1452.0,0.0,21.5333,15.55,6.1667,0.0,17.565
2026-08-13 02:00:00+00:00,11887.39,1308.97,0.0,20.45,14.9167,0.5,0.0,15.208
2026-08-13 03:00:00+00:00,11061.84,1092.18,4.53,17.8667,13.7833,1.8333,0.1667,15.423
2026-08-13 04:00:00+00:00,10560.91,916.27,1428.49,16.45,13.2667,9.8333,29.5,13.576
2026-08-13 05:00:00+00:00,9045.26,730.78,8882.34,15.85,13.35,0.3333,143.3333,13.685
2026-08-13 06:00:00+00:00,5677.14,671.1,21829.52,16.15,15.9667,9.3333,292.3333,15.021
2026-08-13 07:00:00+00:00,2336.24,561.83,35227.83,13.5667,18.75,16.6667,452.5,15.6
2026-08-13 08:00:00+00:00,1831.19,475.37,46142.15,10.6833,21.5333,0.0,596.0,16.559
2026-08-13 09:00:00+00:00,3050.14,567.95,53610.59,10.7667,24.9,11.1667,706.8333,16.822
2026-08-13 10:00:00+00:00,3446.92,678.4,57653.78,13.2,26.9833,12.5,776.3333,17.798
2026-08-13 11:00:00+00:00,2988.02,619.18,58055.53,14.2167,28.3667,1.0,797.8333,18.17
2026-08-13 12:00:00+00:00,3589.34,837.6,56421.56,13.4333,29.4,0.0,772.5,19.083
2026-08-13 13:00:00+00:00,3653.12,1044.14,51265.2,14.2167,30.2667,0.0,700.1667,17.616
2026-08-13 14:00:00+00:00,3723.52,1272.74,43017.85,14.0833,30.7167,0.0,587.5,16.59
2026-08-13 15:00:00+00:00,3975.04,1463.55,31345.05,14.3667,30.9,0.0,445.3333,16.771
2026-08-13 16:00:00+00:00,4405.83,1591.38,17482.07,15.5167,30.6,0.0,286.0,17.144
2026-08-13 17:00:00+00:00,5100.53,1692.77,5877.13,18.1,29.9333,0.0,130.8333,17.28
2026-08-13 18:00:00+00:00,7616.14,1884.04,578.32,18.35,28.4,0.0,20.8333,18.14
2026-08-13 19:00:00+00:00,12979.71,2199.91,0.36,23.8167,25.2,0.0,0.0,17.829
2026-08-13 20:00:00+00:00,17743.1,2663.04,0.0,26.0333,23.15,0.0,0.0,18.591
2026-08-13 21:00:00+00:00,19668.33,3123.4,0.0,27.65,21.6333,0.0,0.0,17.955
2026-08-13 22:00:00+00:00,19580.78,3643.31,0.0,26.35,20.35,0.0,0.0,16.599
2026-08-13 23:00:00+00:00,19311.93,3834.61,0.0,27.1667,19.55,0.8333,0.0,17.397
2026-08-14 00:00:00+00:00,18508.94,3457.6,0.0,25.3,18.1333,0.0,0.0,17.312
2026-08-14 01:00:00+00:00,16886.86,2843.34,0.0,25.6667,17.2333,0.5,0.0,16.614
2026-08-14 02:00:00+00:00,15147.91,2224.9,0.0,25.7,16.5667,0.0,0.0,16.614
2026-08-14 03:00:00+00:00,14107.67,1707.66,4.07,25.4167,15.9,0.0,0.0,14.509
2026-08-14 04:00:00+00:00,13581.99,1431.89,1341.5,24.65,15.5167,0.0,27.5,13.445
2026-08-14 05:00:00+00:00,11677.63,1144.28,8641.96,24.7167,15.65,11.0,138.6667,13.553
2026-08-14 06:00:00+00:00,7409.22,890.54,21571.44,23.8167,18.0667,15.0,293.3333,12.461
2026-08-14 07:00:00+00:00,3244.12,671.08,34725.2,19.0,21.0167,14.0,452.6667,10.052
2026-08-14 08:00:00+00:00,2204.44,449.26,44864.14,13.85,24.2167,19.8333,594.5,10.222
2026-08-14 09:00:00+00:00,2810.0,338.29,51941.08,10.8333,27.6667,13.3333,706.3333,10.403
2026-08-14 10:00:00+00:00,3105.68,220.43,56078.61,12.9333,30.15,17.5,777.8333,9.499
2026-08-14 11:00:00+00:00,2737.9,317.79,57187.1,12.2,31.8333,7.0,795.8333,10.046
2026-08-14 12:00:00+00:00,2317.73,242.59,55012.77,12.3667,32.6167,2.1667,771.0,10.769
2026-08-14 13:00:00+00:00,2107.38,383.42,49541.3,12.2333,33.6333,21.1667,694.0,10.292
2026-08-14 14:00:00+00:00,2045.43,856.2,41132.47,12.6833,33.9833,7.8333,583.3333,9.232
2026-08-14 15:00:00+00:00,2026.89,1123.52,30013.84,10.2667,34.0,0.0,440.1667,10.862
2026-08-14 16:00:00+00:00,2057.3,1269.1,16628.53,13.6833,33.6,22.6667,278.5,11.74
2026-08-14 17:00:00+00:00,2600.32,1380.95,5374.26,12.0667,32.7,16.3333,127.0,13.655
2026-08-14 18:00:00+00:00,4034.45,1490.92,491.91,13.7,30.9167,8.3333,19.0,16.256
2026-08-14 19:00:00+00:00,6250.6,1661.56,0.31,15.0167,27.0333,14.8333,0.0,16.344
2026-08-14 20:00:00+00:00,9052.63,1850.52,0.0,14.1,24.5167,26.1667,0.0,15.453
2026-08-14 21:00:00+00:00,10347.31,2157.04,0.0,12.5667,22.35,16.6667,0.0,18.811
2026-08-14 22:00:00+00:00,9913.15,2469.62,0.0,12.5,20.8333,2.8333,0.0,20.549
2026-08-14 23:00:00+00:00,8772.97,2817.48,0.0,13.5833,19.25,3.0,0.0,21.825
2026-08-15 00:00:00+00:00,7992.87,2587.56,0.0,15.8667,18.1833,12.5,0.0,23.255
2026-08-15 01:00:00+00:00,7165.75,2288.89,0.0,16.6167,17.2833,16.5,0.0,21.237
2026-08-15 02:00:00+00:00,6311.26,2307.63,0.0,15.9833,16.8833,13.0,0.0,22.876
2026-08-15 03:00:00+00:00,5782.35,2366.73,2.57,15.9,16.2667,18.5,0.0,26.201
2026-08-15 04:00:00+00:00,5703.71,2742.35,1260.11,17.1,15.9667,16.8333,24.1667,28.359
2026-08-15 05:00:00+00:00,5181.83,2656.01,8052.02,15.0333,16.1667,19.0,120.6667,25.554
2026-08-15 06:00:00+00:00,3782.46,2260.37,19540.74,13.9,18.4833,39.6667,225.3333,24.183
2026-08-15 07:00:00+00:00,2974.34,1234.73,29760.89,12.0333,20.55,37.3333,382.5,24.827
2026-08-15 08:00:00+00:00,3115.91,1195.54,38284.35,9.85,23.6167,58.1667,460.8333,19.362
2026-08-15 09:00:00+00:00,3577.09,923.79,43114.1,12.5333,25.6,65.1667,511.3333,16.324
2026-08-15 10:00:00+00:00,4402.91,831.26,45584.15,11.6833,27.7833,62.6667,584.5,19.18
2026-08-15 11:00:00+00:00,5019.81,1578.53,45064.06,13.0167,29.0833,53.8333,610.0,22.387
2026-08-15 12:00:00+00:00,5625.07,1205.56,42202.89,13.0833,29.3333,65.5,451.3333,24.746
2026-08-15 13:00:00+00:00,6569.76,573.26,36103.95,15.05,29.4167,66.0,448.1667,22.052
2026-08-15 14:00:00+00:00,9063.57,910.32,28715.61,16.6667,29.05,66.6667,401.0,18.706
2026-08-15 15:00:00+00:00,9856.96,1272.59,20305.56,17.9,29.0333,61.3333,301.3333,18.791
2026-08-15 16:00:00+00:00,10678.71,965.51,11117.27,20.6833,28.35,54.0,175.8333,19.473
2026-08-15 17:00:00+00:00,11016.01,886.66,3410.53,18.75,27.05,78.0,79.0,17.671
2026-08-15 18:00:00+00:00,10725.44,847.92,261.55,18.5333,25.3667,90.5,9.3333,18.056
2026-08-15 19:00:00+00:00,9807.23,914.67,0.23,19.7667,23.5167,97.0,0.0,17.319
2026-08-15 20:00:00+00:00,8928.54,1132.61,0.0,17.0167,22.1333,82.1667,0.0,20.018
2026-08-15 21:00:00+00:00,7454.61,1293.19,0.0,18.1333,21.1167,90.0,0.0,17.47
2026-08-15 22:00:00+00:00,5887.18,1246.14,0.0,19.95,20.05,74.6667,0.0,16.561
2026-08-15 23:00:00+00:00,5091.08,1319.93,0.0,19.8333,19.25,86.3333,0.0,17.908
2026-08-16 00:00:00+00:00,4557.45,1362.08,0.0,18.3333,18.5167,67.6667,0.0,16.901
2026-08-16 01:00:00+00:00,4433.77,1460.49,0.0,17.0167,17.9333,78.0,0.0,16.536
2026-08-16 02:00:00+00:00,4588.4,1537.75,0.0,15.9167,17.4667,82.8333,0.0,19.286
2026-08-16 03:00:00+00:00,4765.33,1803.06,0.41,14.8,16.8333,97.1667,0.0,21.182
2026-08-16 04:00:00+00:00,4699.88,1844.79,533.95,12.6,16.25,69.3333,16.6667,23.236
2026-08-16 05:00:00+00:00,3923.35,1801.94,4017.21,12.5667,16.35,62.3333,80.1667,27.233
2026-08-16 06:00:00+00:00,2719.51,1543.89,11201.4,11.1333,17.2,68.6667,163.6667,20.755
2026-08-16 07:00:00+00:00,2060.22,1350.84,22085.52,11.6167,18.8333,59.3333,293.1667,21.81
2026-08-16 08:00:00+00:00,1999.23,1354.76,32473.49,7.1333,20.6167,64.8333,391.5,21.118
2026-08-16 09:00:00+00:00,2057.92,1227.34,40551.17,8.2833,21.3333,65.0,501.3333,18.385
2026-08-16 10:00:00+00:00,1630.59,1141.04,44136.06,7.05,22.85,80.6667,590.1667,15.686
2026-08-16 11:00:00+00:00,1707.89,1331.55,43644.96,10.7167,24.2667,69.1667,642.0,13.98
2026-08-16 12:00:00+00:00,2288.18,1294.47,42596.31,9.85,25.0833,89.8333,616.5,12.827
2026-08-16 13:00:00+00:00,3186.8,1303.02,38810.33,10.4333,25.6667,94.1667,502.6667,13.638
2026-08-16 14:00:00+00:00,3976.64,988.55,30601.45,13.25,25.3333,81.5,454.8333,12.154
2026-08-16 15:00:00+00:00,4262.51,930.23,20017.39,15.85,24.8667,65.0,324.5,11.085
2026-08-16 16:00:00+00:00,4283.93,986.49,9876.91,14.4167,24.7167,74.8333,172.0,13.543
2026-08-16 17:00:00+00:00,4387.45,809.77,3341.51,14.1,24.0667,97.5,66.0,13.231
2026-08-16 18:00:00+00:00,4412.03,606.14,312.29,16.6333,22.7333,89.5,10.1667,11.199
2026-08-16 19:00:00+00:00,3423.59,532.36,0.26,15.3167,21.4167,79.1667,0.0,17.515
2026-08-16 20:00:00+00:00,2995.77,531.89,0.0,13.6167,20.55,95.3333,0.0,15.866
2026-08-16 21:00:00+00:00,2871.47,530.81,0.0,18.9,19.2167,75.6667,0.0,13.674
2026-08-16 22:00:00+00:00,2484.26,771.36,0.0,13.05,18.5667,86.3333,0.0,12.755
2026-08-16 23:00:00+00:00,2125.67,816.78,0.0,11.1833,17.85,77.3333,0.0,14.83
2026-08-17 00:00:00+00:00,1869.14,663.0,0.0,10.5667,17.15,66.5,0.0,11.603
2026-08-17 01:00:00+00:00,1714.41,599.53,0.0,9.7667,16.8833,78.1667,0.0,12.763
2026-08-17 02:00:00+00:00,1898.67,635.32,0.0,8.9667,16.4833,84.1667,0.0,14.014
2026-08-17 03:00:00+00:00,1993.6,936.37,0.83,7.9,15.45,80.3333,0.0,11.692
2026-08-17 04:00:00+00:00,2817.45,1000.75,808.6,8.3,15.2333,64.6667,14.8333,17.196
2026-08-17 05:00:00+00:00,3358.54,1165.87,4711.47,8.6,15.1667,84.8333,75.6667,17.817
2026-08-17 06:00:00+00:00,3230.7,1321.57,9639.1,11.7,16.4167,100.0,139.3333,19.952
2026-08-17 07:00:00+00:00,3010.9,1349.21,13447.84,12.55,17.5,100.0,189.3333,22.374
2026-08-17 08:00:00+00:00,3358.91,1451.87,15916.5,11.2167,18.3333,98.3333,229.0,25.353
2026-08-17 09:00:00+00:00,4052.61,1430.04,18520.24,12.5333,18.7667,100.0,222.6667,18.449
2026-08-17 10:00:00+00:00,4987.43,1668.95,21311.87,13.9667,19.0833,100.0,250.8333,24.023
2026-08-17 11:00:00+00:00,6581.23,1896.65,22052.5,15.8167,19.5833,98.0,247.3333,25.266
2026-08-17 12:00:00+00:00,8903.28,2117.04,22302.9,18.1833,19.2333,99.1667,262.0,24.499
2026-08-17 13:00:00+00:00,11336.41,2274.92,21927.53,21.05,19.6667,98.8333,340.3333,22.899
2026-08-17 14:00:00+00:00,13068.11,2624.76,19375.64,23.6667,19.8667,95.3333,249.0,28.414
2026-08-17 15:00:00+00:00,13347.14,2769.3,15052.31,22.5167,20.0,96.1667,208.8333,26.092
2026-08-17 16:00:00+00:00,12402.28,2856.9,8311.59,22.4167,19.9167,86.6667,143.1667,28.022
2026-08-17 17:00:00+00:00,10393.66,2627.6,2677.46,21.7833,19.7667,66.0,69.1667,24.546
2026-08-17 18:00:00+00:00,8166.38,2158.65,177.72,24.5833,18.8667,86.0,6.3333,25.968
2026-08-17 19:00:00+00:00,6458.4,1862.87,0.18,21.1833,17.55,59.6667,0.0,22.577
2026-08-17 20:00:00+00:00,6245.94,2009.27,0.0,18.2667,16.8,92.0,0.0,23.652
2026-08-17 21:00:00+00:00,6175.88,2071.16,0.0,17.55,15.8833,63.5,0.0,19.009
2026-08-17 22:00:00+00:00,5929.87,1881.23,0.0,15.3,15.2,63.8333,0.0,20.749
2026-08-17 23:00:00+00:00,5918.02,2007.93,0.0,13.7167,15.0,82.5,0.0,18.83
2026-08-18 00:00:00+00:00,5545.47,1685.73,0.0,14.0667,14.3667,88.8333,0.0,18.121
2026-08-18 01:00:00+00:00,5261.68,1428.08,0.0,15.6167,14.55,94.6667,0.0,20.571
2026-08-18 02:00:00+00:00,4955.64,1090.11,0.0,15.0833,14.4,98.5,0.0,20.107
2026-08-18 03:00:00+00:00,4555.61,883.63,1.11,15.2167,14.4,98.5,0.0,15.176
2026-08-18 04:00:00+00:00,4064.18,718.69,595.67,13.75,14.6333,95.5,8.6667,15.453
2026-08-18 05:00:00+00:00,3500.17,677.95,3491.44,14.7333,14.5833,100.0,47.0,11.484
2026-08-18 06:00:00+00:00,3240.74,579.85,7454.05,11.4,14.9833,99.8333,143.3333,11.921
2026-08-18 07:00:00+00:00,3722.09,655.06,11437.65,13.0333,16.4833,100.0,178.3333,13.55
2026-08-18 08:00:00+00:00,5087.41,744.95,14066.8,14.7167,17.1,99.5,212.5,11.037
2026-08-18 09:00:00+00:00,6751.13,796.65,16420.51,17.45,17.7667,98.0,245.5,15.333
2026-08-18 10:00:00+00:00,8408.92,1149.24,19172.29,18.7167,18.1667,98.5,236.3333,16.547
2026-08-18 11:00:00+00:00,9623.17,1483.56,19458.09,18.9167,18.6167,96.6667,217.3333,20.441
2026-08-18 12:00:00+00:00,10202.27,1687.21,18391.81,19.35,19.15,98.1667,245.3333,26.81
2026-08-18 13:00:00+00:00,10639.33,1455.52,16665.62,20.7333,19.7167,98.3333,217.1667,28.589
2026-08-18 14:00:00+00:00,11383.8,1524.93,12415.79,20.1,19.7167,98.5,182.3333,22.329
2026-08-18 15:00:00+00:00,11641.65,2033.92,7358.2,19.7833,19.75,97.3333,108.8333,12.505
2026-08-18 16:00:00+00:00,11496.07,2661.7,3578.42,20.1333,19.65,100.0,71.8333,17.2
2026-08-18 17:00:00+00:00,10891.19,2448.35,1171.2,15.6167,19.5833,99.5,29.3333,19.356
2026-08-18 18:00:00+00:00,10086.76,1800.73,76.75,17.05,18.05,100.0,3.5,18.686
2026-08-18 19:00:00+00:00,9311.85,2178.83,0.05,17.5333,17.7167,100.0,0.0,26.137
2026-08-18 20:00:00+00:00,9445.73,2178.07,0.0,17.4667,17.3,96.3333,0.0,24.942
2026-08-18 21:00:00+00:00,9362.38,2243.12,0.0,19.1667,17.0167,99.8333,0.0,26.867
2026-08-18 22:00:00+00:00,9710.19,2160.57,0.0,18.8333,16.7833,98.8333,0.0,27.134
2026-08-18 23:00:00+00:00,9658.66,2649.49,0.0,17.95,16.55,94.6667,0.0,27.979
2026-08-19 00:00:00+00:00,9629.04,2771.37,0.0,18.8333,16.5,98.0,0.0,24.552
2026-08-19 01:00:00+00:00,9435.44,2858.08,0.0,19.3167,16.5,99.0,0.0,21.877
2026-08-19 02:00:00+00:00,9497.06,2884.32,0.0,19.9,16.4833,95.1667,0.0,27.927
2026-08-19 03:00:00+00:00,9984.44,3446.53,0.56,21.7333,16.4333,91.6667,0.0,34.725
2026-08-19 04:00:00+00:00,11280.05,3848.12,396.63,20.6333,16.4333,99.1667,6.8333,31.966
2026-08-19 05:00:00+00:00,11712.98,4013.96,3525.13,19.2333,16.6333,93.1667,46.0,34.063
2026-08-19 06:00:00+00:00,12326.85,4388.55,9642.59,20.1,17.2,95.3333,107.8333,31.643
2026-08-19 07:00:00+00:00,12274.33,4286.25,16714.2,21.4667,18.0,92.1667,160.8333,33.277
2026-08-19 08:00:00+00:00,13602.11,3928.19,22134.98,22.2333,18.8167,81.5,210.8333,27.951
2026-08-19 09:00:00+00:00,14424.71,3006.99,25388.0,20.6333,19.4667,87.8333,256.8333,28.078
2026-08-19 10:00:00+00:00,15743.89,3199.47,28288.91,22.4,20.15,90.3333,322.8333,32.405
2026-08-19 11:00:00+00:00,16513.52,3414.92,29849.37,22.7,20.8667,83.5,367.3333,32.288
2026-08-19 12:00:00+00:00,15599.92,2915.63,29481.77,19.8,21.4167,94.8333,280.8333,26.437
2026-08-19 13:00:00+00:00,14121.61,2792.52,27519.99,19.4167,21.7,79.6667,292.3333,25.667
2026-08-19 14:00:00+00:00,12429.07,2784.3,23243.41,20.9667,21.8833,78.6667,276.8333,23.93
2026-08-19 15:00:00+00:00,10418.55,2529.39,16711.71,20.2833,22.4833,65.8333,238.5,22.259
2026-08-19 16:00:00+00:00,9405.11,2397.01,9036.53,18.7333,22.5333,62.3333,145.6667,22.398
2026-08-19 17:00:00+00:00,8289.4,2055.9,2615.76,20.7667,21.8333,65.6667,61.5,22.284
2026-08-19 18:00:00+00:00,7568.27,1666.37,158.3,19.6,21.0167,67.8333,5.0,24.184
2026-08-19 19:00:00+00:00,8606.88,1296.36,0.04,20.3333,19.7833,66.6667,0.0,22.621
2026-08-19 20:00:00+00:00,9717.79,1274.5,0.0,18.5667,18.75,54.5,0.0,22.38
2026-08-19 21:00:00+00:00,9004.91,1033.33,0.0,19.4333,18.2167,69.5,0.0,20.925
2026-08-19 22:00:00+00:00,8573.81,745.94,0.0,21.0667,17.7333,82.1667,0.0,17.82
2026-08-19 23:00:00+00:00,6864.03,665.4,0.0,18.7833,17.3667,78.6667,0.0,17.364
2026-08-20 00:00:00+00:00,6051.33,892.99,0.0,20.2333,16.95,59.3333,0.0,15.131
2026-08-20 01:00:00+00:00,5829.28,650.26,0.0,17.85,16.5167,72.3333,0.0,20.333
2026-08-20 02:00:00+00:00,6652.98,996.28,0.0,13.1333,16.05,88.6667,0.0,20.438
2026-08-20 03:00:00+00:00,7795.73,969.57,0.27,11.4833,15.4833,89.8333,0.0,17.988
2026-08-20 04:00:00+00:00,8585.0,799.8,565.93,13.5,15.45,88.1667,13.3333,16.507
2026-08-20 05:00:00+00:00,7720.99,711.47,4829.8,13.9833,15.4,92.8333,78.6667,20.361
2026-08-20 06:00:00+00:00,6972.11,973.86,13205.54,14.3,16.2333,78.3333,161.3333,17.363
2026-08-20 07:00:00+00:00,7422.23,1384.49,22855.36,15.15,17.4833,82.1667,228.0,16.724
2026-08-20 08:00:00+00:00,8930.37,2198.84,31301.25,16.5167,18.5667,95.3333,310.0,19.265
2026-08-20 09:00:00+00:00,10861.28,2026.16,38028.74,17.4833,19.9667,79.5,410.6667,20.843
2026-08-20 10:00:00+00:00,12375.96,1775.12,39892.22,21.1833,21.0,79.6667,516.8333,19.509
2026-08-20 11:00:00+00:00,13349.96,1460.62,39086.22,19.6333,22.05,62.3333,482.1667,19.522
2026-08-20 12:00:00+00:00,14318.1,1557.27,37780.02,21.5667,22.9333,76.3333,534.5,17.062
2026-08-20 13:00:00+00:00,15657.09,1607.34,33929.89,23.95,23.7,73.6667,464.5,14.909
2026-08-20 14:00:00+00:00,16485.91,1376.45,27402.93,21.8167,23.1333,78.6667,301.8333,14.885
2026-08-20 15:00:00+00:00,15300.75,1419.05,19146.03,24.3167,21.6167,97.1667,177.8333,18.762
2026-08-20 16:00:00+00:00,12404.81,1144.43,10243.46,21.25,20.7,99.1667,106.6667,17.616
2026-08-20 17:00:00+00:00,8864.1,451.78,3309.09,15.8167,20.3667,66.3333,67.1667,13.487
2026-08-20 18:00:00+00:00,7588.33,380.1,230.47,13.7333,19.3667,69.8333,6.5,9.533
2026-08-20 19:00:00+00:00,8197.8,441.76,0.01,16.3,18.2167,71.0,0.0,15.018
2026-08-20 20:00:00+00:00,9630.48,881.1,0.0,18.8667,17.6667,75.0,0.0,14.241
2026-08-20 21:00:00+00:00,11063.44,682.02,0.0,20.9,16.75,91.6667,0.0,12.572
2026-08-20 22:00:00+00:00,10993.98,764.94,0.0,22.85,16.15,71.1667,0.0,16.025
2026-08-20 23:00:00+00:00,10526.31,769.45,0.0,20.9667,15.95,78.8333,0.0,18.214
2026-08-21 00:00:00+00:00,10447.14,724.08,0.0,21.05,15.3167,72.8333,0.0,18.352
2026-08-21 01:00:00+00:00,10211.36,708.66,0.0,20.2667,15.1,50.1667,0.0,16.059
2026-08-21 02:00:00+00:00,9279.67,1028.95,0.0,17.85,14.65,53.0,0.0,21.253
2026-08-21 03:00:00+00:00,8386.22,1300.48,0.28,17.2,14.0667,53.6667,0.0,15.073
2026-08-21 04:00:00+00:00,7680.27,1817.84,793.45,17.6833,13.9667,86.3333,13.3333,26.379
2026-08-21 05:00:00+00:00,5874.28,2300.48,6206.45,14.6833,14.0667,75.6667,85.8333,28.817
2026-08-21 06:00:00+00:00,3506.8,2201.84,15774.03,14.0167,15.2,83.8333,182.0,24.818
2026-08-21 07:00:00+00:00,2411.14,1526.02,24071.88,13.1833,16.7167,86.3333,259.5,22.503
2026-08-21 08:00:00+00:00,2479.49,1003.16,29178.92,11.3333,17.95,78.1667,307.6667,18.819
2026-08-21 09:00:00+00:00,3176.55,708.69,31344.01,11.5667,18.8833,81.0,337.6667,14.351
2026-08-21 10:00:00+00:00,3530.67,959.27,31218.79,12.1333,19.4333,92.8333,369.1667,15.309
2026-08-21 11:00:00+00:00,3726.04,1046.55,28353.43,13.15,19.9333,98.3333,353.0,19.028
2026-08-21 12:00:00+00:00,4004.58,916.94,23315.21,15.0,20.1,98.3333,363.0,16.744
2026-08-21 13:00:00+00:00,4868.87,1093.49,17631.07,14.4833,20.1167,98.1667,301.0,18.68
2026-08-21 14:00:00+00:00,5162.21,1303.02,12984.71,17.4,19.5,100.0,169.1667,18.672
2026-08-21 15:00:00+00:00,5105.2,1251.8,8393.58,15.6833,18.7,100.0,148.3333,18.707
2026-08-21 16:00:00+00:00,5422.59,1187.24,4563.09,19.05,18.5333,100.0,88.3333,23.494
2026-08-21 17:00:00+00:00,5311.07,1257.15,1614.37,18.1167,17.35,98.1667,43.6667,21.515
2026-08-21 18:00:00+00:00,5308.74,1509.62,125.5,15.9333,17.0,86.5,4.8333,20.036
2026-08-21 19:00:00+00:00,5131.17,2086.23,0.01,14.4833,15.9833,100.0,0.0,21.901
2026-08-21 20:00:00+00:00,5385.79,2085.87,0.0,17.4833,15.35,99.1667,0.0,25.492
2026-08-21 21:00:00+00:00,5470.62,2541.0,0.0,17.1333,14.85,94.8333,0.0,22.951
2026-08-21 22:00:00+00:00,5802.63,2744.23,0.0,17.0667,14.2667,98.6667,0.0,25.102
2026-08-21 23:00:00+00:00,6705.43,3690.51,0.0,17.4833,13.8667,93.5,0.0,28.375
2026-08-22 00:00:00+00:00,7191.22,4462.48,0.0,17.8333,13.3167,83.6667,0.0,27.298
2026-08-22 01:00:00+00:00,7479.28,4604.6,0.0,20.5667,13.3333,83.6667,0.0,31.843
2026-08-22 02:00:00+00:00,8221.57,4796.23,0.0,19.15,13.3333,87.6667,0.0,34.14
2026-08-22 03:00:00+00:00,9147.24,5542.38,0.04,18.8833,13.0333,81.1667,0.0,28.886
2026-08-22 04:00:00+00:00,10049.36,6286.92,432.56,19.2333,12.8667,95.3333,10.1667,36.259
2026-08-22 05:00:00+00:00,10232.61,6715.0,4142.31,20.0333,12.9333,70.1667,88.6667,37.729
2026-08-22 06:00:00+00:00,9827.74,6596.38,11469.24,21.4833,13.9333,80.1667,156.1667,34.252
2026-08-22 07:00:00+00:00,10975.75,6481.4,20527.45,19.6167,14.9,93.1667,295.1667,32.002
2026-08-22 08:00:00+00:00,12088.65,5953.52,27636.52,22.8,16.0667,60.6667,439.8333,35.56
2026-08-22 09:00:00+00:00,11931.86,5740.7,31729.37,25.4167,16.8333,88.1667,428.6667,40.264
2026-08-22 10:00:00+00:00,10886.65,5396.36,34807.59,26.2667,17.6167,90.1667,427.3333,39.344
2026-08-22 11:00:00+00:00,9879.22,5558.1,35067.52,27.4667,17.55,92.6667,410.3333,34.253
2026-08-22 12:00:00+00:00,11102.58,5617.68,34442.49,26.9833,18.5167,72.3333,434.1667,37.364
2026-08-22 13:00:00+00:00,11692.44,5703.54,31648.45,29.0833,18.4167,64.0,442.1667,37.59
2026-08-22 14:00:00+00:00,13532.31,5635.48,28068.74,29.4,18.8667,63.1667,393.8333,39.418
2026-08-22 15:00:00+00:00,18429.0,6409.05,21353.16,27.5333,19.0,48.6667,301.3333,37.199
2026-08-22 16:00:00+00:00,22402.25,6651.88,12324.93,24.65,18.8,57.1667,187.8333,41.483
2026-08-22 17:00:00+00:00,20478.42,6325.99,3612.24,24.2833,18.1167,42.8333,73.0,43.139
2026-08-22 18:00:00+00:00,19132.14,6341.35,168.32,23.6,17.4833,41.5,4.6667,39.595
2026-08-22 19:00:00+00:00,17404.63,6183.64,0.0,21.7,16.0333,36.5,0.0,42.445
2026-08-22 20:00:00+00:00,16543.07,5772.03,0.0,21.55,14.9167,39.5,0.0,42.134
2026-08-22 21:00:00+00:00,16267.28,5563.01,0.0,18.6,13.9333,56.6667,0.0,35.275
2026-08-22 22:00:00+00:00,15829.43,5434.99,0.0,17.2833,13.1667,50.1667,0.0,40.547
2026-08-22 23:00:00+00:00,15322.6,5687.95,0.0,17.5333,12.7167,57.8333,0.0,36.12
2026-08-23 00:00:00+00:00,14615.79,6091.58,0.0,18.1667,12.0333,62.6667,0.0,43.094
2026-08-23 01:00:00+00:00,14848.16,6810.65,0.0,17.8833,11.6167,70.6667,0.0,42.533
2026-08-23 02:00:00+00:00,14716.34,6920.1,0.0,17.1333,11.3333,75.1667,0.0,33.861
2026-08-23 03:00:00+00:00,14740.21,6496.24,0.11,19.45,11.2,84.0,0.0,34.283
2026-08-23 04:00:00+00:00,15050.63,6090.03,614.77,19.6167,10.8667,84.3333,10.0,39.195
2026-08-23 05:00:00+00:00,14494.54,5987.64,5984.78,19.3,10.8,92.1667,52.0,37.283
2026-08-23 06:00:00+00:00,14047.61,5435.77,16419.51,17.4833,11.6667,99.8333,140.6667,33.865
2026-08-23 07:00:00+00:00,12819.82,5573.51,27371.57,18.05,12.65,82.1667,327.5,32.712
2026-08-23 08:00:00+00:00,9775.76,4189.76,34109.71,16.6667,14.75,65.6667,360.0,35.114
2026-08-23 09:00:00+00:00,9901.35,3252.16,37410.02,17.4167,16.6333,61.8333,421.6667,34.228
2026-08-23 10:00:00+00:00,9347.5,3016.3,38039.8,18.3,17.6667,75.8333,448.5,37.365
2026-08-23 11:00:00+00:00,8309.02,2094.76,38283.26,18.8167,18.4333,94.6667,420.5,36.168
2026-08-23 12:00:00+00:00,8114.75,1502.59,36810.75,20.1667,19.0167,68.0,475.8333,37.017
2026-08-23 13:00:00+00:00,9174.39,1753.8,34664.41,20.4833,19.7167,74.8333,423.5,43.802
2026-08-23 14:00:00+00:00,9746.14,2345.04,29706.29,19.45,20.0167,65.1667,349.1667,35.204
2026-08-23 15:00:00+00:00,14908.9,4261.82,23847.58,22.8167,19.8333,86.5,254.6667,36.561
2026-08-23 16:00:00+00:00,14482.89,4205.62,12856.26,20.8833,19.6,54.8333,170.1667,34.483
2026-08-23 17:00:00+00:00,11989.37,3661.19,3536.06,23.6,18.7667,49.3333,71.8333,35.868
2026-08-23 18:00:00+00:00,10363.52,3422.5,136.7,22.0833,17.7,51.6667,4.8333,33.599
2026-08-23 19:00:00+00:00,9703.03,2946.45,0.0,21.0167,16.3,31.6667,0.0,32.52
2026-08-23 20:00:00+00:00,9670.42,2807.41,0.0,18.8667,15.15,25.8333,0.0,27.313
2026-08-23 21:00:00+00:00,9753.09,2894.67,0.0,19.4667,13.9667,26.3333,0.0,29.432
2026-08-23 22:00:00+00:00,9206.37,2712.33,0.0,17.45,13.3333,63.3333,0.0,28.506
2026-08-23 23:00:00+00:00,8749.06,2388.2,0.0,18.15,12.6833,55.0,0.0,27.597
2026-08-24 00:00:00+00:00,8405.74,2187.64,0.0,17.45,11.95,44.0,0.0,25.049
2026-08-24 01:00:00+00:00,7684.01,1841.88,0.0,16.9,11.5667,56.0,0.0,27.203
2026-08-24 02:00:00+00:00,6940.78,1479.86,0.0,18.05,11.3,33.1667,0.0,25.965
2026-08-24 03:00:00+00:00,6810.04,1233.45,0.06,17.6333,11.2333,37.1667,0.0,25.378
2026-08-24 04:00:00+00:00,6661.65,1072.84,614.74,15.8,10.8333,53.3333,11.5,22.286
2026-08-24 05:00:00+00:00,5600.14,927.79,6374.5,14.0,10.85,53.1667,95.3333,18.651
2026-08-24 06:00:00+00:00,3968.45,622.25,17694.24,11.0667,12.4333,32.1667,234.8333,18.068
2026-08-24 07:00:00+00:00,2701.89,414.49,30195.59,9.4,14.3,53.3333,386.3333,16.221
2026-08-24 08:00:00+00:00,2572.66,376.41,38593.33,10.5667,16.15,29.8333,522.8333,12.912
2026-08-24 09:00:00+00:00,2650.43,358.02,42407.13,12.0,17.8667,41.1667,539.8333,13.836
2026-08-24 10:00:00+00:00,2570.47,277.17,45203.84,12.0833,19.1167,63.6667,549.1667,12.684
2026-08-24 11:00:00+00:00,2477.78,275.91,45178.35,11.7,20.05,63.6667,578.1667,13.388
2026-08-24 12:00:00+00:00,2646.02,322.3,43371.06,10.75,20.8667,73.8333,624.3333,14.616
2026-08-24 13:00:00+00:00,3021.45,353.08,39351.35,12.2167,21.5667,67.8333,555.5,13.901
2026-08-24 14:00:00+00:00,3644.84,384.45,31593.46,12.15,21.8333,59.8333,464.8333,13.646
2026-08-24 15:00:00+00:00,4636.67,346.37,20931.24,11.4333,21.7333,62.8333,318.8333,9.494
2026-08-24 16:00:00+00:00,5479.16,318.19,10401.44,15.2667,21.3833,60.3333,198.6667,10.479
2026-08-24 17:00:00+00:00,6435.42,324.09,2751.73,16.9333,20.7167,42.3333,74.3333,11.829
2026-08-24 18:00:00+00:00,7831.66,356.59,123.29,16.4,19.2667,33.1667,4.6667,9.832
2026-08-24 19:00:00+00:00,10398.82,421.69,0.09,18.4833,17.7833,20.8333,0.0,12.269
2026-08-24 20:00:00+00:00,12887.29,471.22,0.0,21.2167,16.4167,19.6667,0.0,12.761
2026-08-24 21:00:00+00:00,15202.55,543.5,0.0,24.15,15.3833,21.0,0.0,13.168
2026-08-24 22:00:00+00:00,16855.98,610.22,0.0,23.6833,14.85,29.5,0.0,16.133
2026-08-24 23:00:00+00:00,17308.52,622.91,0.0,23.0,14.2,25.3333,0.0,15.974
2026-08-25 00:00:00+00:00,16985.8,881.2,0.0,20.2833,13.45,34.3333,0.0,14.362
2026-08-25 01:00:00+00:00,16891.46,1095.86,0.0,20.85,13.0833,31.5,0.0,15.501
2026-08-25 02:00:00+00:00,16847.87,1095.09,0.0,22.8167,12.6167,24.1667,0.0,17.795
2026-08-25 03:00:00+00:00,16994.36,1260.13,0.09,22.85,12.0833,42.1667,0.0,17.712
2026-08-25 04:00:00+00:00,17756.0,1392.97,583.75,23.3,11.9,43.3333,10.6667,18.974
2026-08-25 05:00:00+00:00,15900.49,1501.55,5158.89,21.8333,11.9333,58.3333,83.0,20.154
2026-08-25 06:00:00+00:00,11253.93,1722.4,13446.03,20.4667,13.0167,60.5,191.8333,21.803
2026-08-25 07:00:00+00:00,8712.12,1670.38,22219.73,15.15,14.65,50.0,307.6667,24.099
2026-08-25 08:00:00+00:00,10939.86,1745.64,29147.92,13.0333,16.45,49.1667,410.5,26.28
2026-08-25 09:00:00+00:00,12250.48,1437.17,32365.55,15.0667,18.4333,54.3333,482.0,24.502
2026-08-25 10:00:00+00:00,12292.3,528.12,34223.21,17.1667,19.6833,63.5,517.3333,23.827
2026-08-25 11:00:00+00:00,12217.7,828.98,34056.4,18.8667,20.45,73.5,510.5,22.46
2026-08-25 12:00:00+00:00,12209.74,676.98,32230.1,18.5333,21.0333,83.3333,502.8333,21.73
2026-08-25 13:00:00+00:00,12981.89,2223.6,27821.08,19.75,21.4833,75.1667,436.0,24.837
2026-08-25 14:00:00+00:00,13139.66,2435.74,21894.12,21.7333,21.5167,81.1667,336.8333,24.111
2026-08-25 15:00:00+00:00,13266.06,2956.47,14418.25,19.1167,21.4667,82.3333,220.0,23.434
2026-08-25 16:00:00+00:00,12472.87,3196.45,7023.37,21.7833,21.2333,79.6667,135.1667,24.604
2026-08-25 17:00:00+00:00,10768.39,3558.56,1862.79,19.15,20.55,66.6667,48.5,25.821
2026-08-25 18:00:00+00:00,11892.8,3910.02,81.53,17.8833,19.65,79.5,2.8333,26.491
2026-08-25 19:00:00+00:00,14099.42,4303.26,0.1,20.5667,18.3,77.0,0.0,28.038
2026-08-25 20:00:00+00:00,14613.14,4668.52,0.0,21.65,17.1,82.5,0.0,28.312
2026-08-25 21:00:00+00:00,14548.13,4611.51,0.0,22.25,16.7833,72.6667,0.0,26.939
2026-08-25 22:00:00+00:00,13767.33,5149.04,0.0,22.2333,16.0667,51.6667,0.0,31.788
2026-08-25 23:00:00+00:00,13029.49,5281.41,0.0,21.9333,15.4333,64.8333,0.0,30.973
2026-08-26 00:00:00+00:00,12585.62,5089.94,0.0,21.7667,15.3833,76.5,0.0,30.227
2026-08-26 01:00:00+00:00,12373.64,4598.65,0.0,20.8,15.05,77.6667,0.0,30.967
2026-08-26 02:00:00+00:00,12185.79,3999.18,0.0,22.3667,14.5,75.6667,0.0,29.25
2026-08-26 03:00:00+00:00,11912.61,3727.5,0.29,21.1167,14.6833,75.6667,0.0,26.61
2026-08-26 04:00:00+00:00,11820.11,3412.75,367.7,20.7833,14.3333,96.5,8.8333,28.144
2026-08-26 05:00:00+00:00,10401.76,3233.94,3869.14,20.2167,14.1167,81.8333,78.6667,28.167
2026-08-26 06:00:00+00:00,7376.49,2835.26,10648.79,18.3833,15.35,70.8333,203.8333,25.792
2026-08-26 07:00:00+00:00,5892.02,2529.95,19870.01,16.4333,16.8833,74.6667,319.0,28.054
2026-08-26 08:00:00+00:00,7135.69,2569.76,29600.84,15.2833,18.45,74.0,432.0,30.365
2026-08-26 09:00:00+00:00,10599.81,2667.57,36895.92,14.8667,20.3667,71.3333,547.1667,30.241
2026-08-26 10:00:00+00:00,12529.94,2765.09,40400.31,16.2,21.7,67.8333,609.1667,30.928
2026-08-26 11:00:00+00:00,12936.29,3014.08,41295.31,18.0,22.8833,76.3333,585.6667,30.709
2026-08-26 12:00:00+00:00,12886.3,3572.94,39328.45,17.85,24.3,67.6667,523.1667,30.688
2026-08-26 13:00:00+00:00,13252.85,4586.76,35634.77,19.2167,24.55,65.6667,418.1667,29.879
2026-08-26 14:00:00+00:00,13851.66,5050.6,29324.22,19.1333,24.7,58.0,376.3333,30.766
2026-08-26 15:00:00+00:00,13973.82,5634.08,20840.13,16.2667,24.6,56.5,276.8333,29.004
2026-08-26 16:00:00+00:00,13585.5,5791.38,10421.76,19.95,24.1,53.1667,171.5,30.915
2026-08-26 17:00:00+00:00,12473.26,5650.31,2540.78,22.4167,23.3,62.1667,60.8333,29.114
2026-08-26 18:00:00+00:00,13654.0,6193.99,55.9,24.0167,22.1333,60.8333,2.6667,27.24
2026-08-26 19:00:00+00:00,16105.87,6276.82,0.0,25.2667,20.6,69.3333,0.0,35.295
2026-08-26 20:00:00+00:00,17479.05,6332.83,0.0,25.4667,19.5833,68.8333,0.0,36.851
2026-08-26 21:00:00+00:00,18431.76,6119.37,0.0,26.0667,18.7,54.0,0.0,36.815
2026-08-26 22:00:00+00:00,18810.21,6110.02,0.0,24.6667,17.9333,40.8333,0.0,35.983
2026-08-26 23:00:00+00:00,18938.6,6670.13,0.0,23.8667,17.1333,32.8333,0.0,33.012
2026-08-27 00:00:00+00:00,19109.12,6608.31,0.0,24.55,16.85,59.6667,0.0,32.889
2026-08-27 01:00:00+00:00,18938.67,6199.27,0.0,24.8,16.4833,50.6667,0.0,32.702
2026-08-27 02:00:00+00:00,18930.06,6629.19,0.0,24.55,15.9,30.0,0.0,33.249
2026-08-27 03:00:00+00:00,19092.22,6461.51,0.09,24.8,15.45,32.1667,0.0,34.305
2026-08-27 04:00:00+00:00,19481.79,6278.2,516.36,24.8833,15.0667,45.8333,9.0,35.348
2026-08-27 05:00:00+00:00,17110.65,6370.7,5965.99,26.45,14.95,63.0,89.6667,35.397
2026-08-27 06:00:00+00:00,13645.47,6456.22,16866.45,22.8667,16.2,47.1667,205.8333,36.206
2026-08-27 07:00:00+00:00,11789.64,5477.12,28773.15,20.5167,17.9667,73.1667,341.0,38.24
2026-08-27 08:00:00+00:00,12707.02,3017.78,39228.22,19.7333,20.3333,63.8333,495.3333,38.911
2026-08-27 09:00:00+00:00,14742.58,1635.01,46559.79,20.9667,23.1167,46.1667,581.6667,36.066
2026-08-27 10:00:00+00:00,15684.81,1535.99,49707.3,22.4667,25.0,34.3333,688.3333,37.279
2026-08-27 11:00:00+00:00,15262.68,1745.14,49174.41,25.3333,26.6833,66.6667,655.3333,39.589
2026-08-27 12:00:00+00:00,16249.07,1862.57,45679.87,23.5333,27.4833,81.6667,594.6667,36.114
2026-08-27 13:00:00+00:00,18685.68,1698.74,39140.18,25.0,28.5667,98.3333,554.5,34.932
2026-08-27 14:00:00+00:00,18189.85,2466.37,29697.3,26.8167,29.1167,77.8333,418.6667,34.065
2026-08-27 15:00:00+00:00,18740.35,4127.48,17784.79,26.6833,29.05,99.1667,273.1667,35.17
2026-08-27 16:00:00+00:00,18962.02,5901.36,7803.02,26.9,28.5833,85.1667,127.6667,35.082
2026-08-27 17:00:00+00:00,18522.77,6496.88,1708.77,25.9667,27.3167,100.0,42.8333,35.922
2026-08-27 18:00:00+00:00,21461.1,6340.1,31.78,27.1,25.9167,99.8333,1.6667,35.735
2026-08-27 19:00:00+00:00,23939.66,5304.91,0.0,31.2,24.4667,88.6667,0.0,34.367
2026-08-27 20:00:00+00:00,25038.23,4310.52,0.0,28.55,23.3833,100.0,0.0,33.23
2026-08-27 21:00:00+00:00,26174.24,3538.36,0.0,28.0833,23.1833,100.0,0.0,35.356
2026-08-27 22:00:00+00:00,26154.49,3492.88,0.0,29.0,22.5833,99.6667,0.0,23.246
2026-08-27 23:00:00+00:00,25139.52,3098.46,0.0,27.6833,22.0833,97.8333,0.0,22.88
2026-08-28 00:00:00+00:00,21442.92,3725.24,0.0,26.5333,21.3833,87.6667,0.0,21.42
2026-08-28 01:00:00+00:00,18769.81,3695.27,0.0,21.6333,21.2167,100.0,0.0,24.193
2026-08-28 02:00:00+00:00,17551.88,2610.23,0.0,27.3333,20.4333,100.0,0.0,16.95
2026-08-28 03:00:00+00:00,16821.05,2717.98,0.01,21.05,20.1333,100.0,0.0,11.595
2026-08-28 04:00:00+00:00,17250.18,2179.62,163.33,27.3,19.4333,83.3333,4.0,10.942
2026-08-28 05:00:00+00:00,16717.32,1341.95,2619.51,20.5167,19.2333,95.8333,41.0,15.252
2026-08-28 06:00:00+00:00,15516.53,1659.6,8058.96,20.8167,19.4833,89.6667,109.8333,20.852
2026-08-28 07:00:00+00:00,13130.9,1277.56,14160.59,20.75,20.2667,90.6667,151.1667,22.973
2026-08-28 08:00:00+00:00,11520.47,1473.75,18961.36,18.8333,21.0167,90.1667,185.8333,22.075
2026-08-28 09:00:00+00:00,10598.59,1487.55,20405.09,19.3833,21.4,93.3333,271.1667,22.118
2026-08-28 10:00:00+00:00,10184.57,2282.08,20568.69,16.1833,22.2333,100.0,264.8333,28.077
2026-08-28 11:00:00+00:00,12807.05,3342.76,22062.69,23.8,22.2167,100.0,281.6667,28.616
2026-08-28 12:00:00+00:00,14875.55,3585.57,21659.89,19.65,22.0,99.0,246.1667,30.775
2026-08-28 13:00:00+00:00,16088.09,3121.15,20133.1,22.15,21.6833,99.6667,202.8333,28.543
2026-08-28 14:00:00+00:00,16625.5,3215.3,17088.04,20.6667,22.1333,84.1667,221.3333,27.825
2026-08-28 15:00:00+00:00,17297.5,3712.75,11733.99,18.5333,21.9167,90.6667,150.6667,25.642
2026-08-28 16:00:00+00:00,16518.51,3920.26,6400.04,22.95,21.5667,90.8333,78.6667,26.506
2026-08-28 17:00:00+00:00,17105.84,4724.22,1665.33,22.25,20.3333,84.3333,38.8333,27.248
2026-08-28 18:00:00+00:00,17571.12,4739.5,46.65,23.7167,19.4333,98.0,1.1667,32.642
2026-08-28 19:00:00+00:00,18270.36,5077.52,0.0,25.4667,18.9667,86.0,0.0,31.534
2026-08-28 20:00:00+00:00,19747.54,6213.36,0.0,28.8,18.6333,87.6667,0.0,34.123
2026-08-28 21:00:00+00:00,19957.74,6281.0,0.0,27.7333,17.9167,92.8333,0.0,34.006
2026-08-28 22:00:00+00:00,20153.83,6145.07,0.0,27.4833,17.65,85.8333,0.0,38.137
2026-08-28 23:00:00+00:00,21726.45,6296.51,0.0,27.3,17.1833,79.8333,0.0,40.118
2026-08-29 00:00:00+00:00,22641.3,6578.22,0.0,28.3333,16.9167,79.1667,0.0,41.427
2026-08-29 01:00:00+00:00,23524.5,6519.21,0.0,28.4333,16.6,60.1667,0.0,36.948
2026-08-29 02:00:00+00:00,24274.08,6222.89,0.0,26.7,16.1167,65.3333,0.0,35.78
2026-08-29 03:00:00+00:00,24319.31,6173.11,0.0,26.8,15.8667,60.6667,0.0,40.216
2026-08-29 04:00:00+00:00,25657.07,5931.43,298.74,23.8167,15.6333,70.5,6.0,37.089
2026-08-29 05:00:00+00:00,24362.4,5884.74,5138.31,23.6667,15.2333,66.0,74.1667,33.871
2026-08-29 06:00:00+00:00,23147.88,6049.32,16096.57,23.75,15.8833,65.5,173.0,36.061
2026-08-29 07:00:00+00:00,20890.49,5896.8,27254.55,23.95,17.15,60.3333,268.3333,38.079
2026-08-29 08:00:00+00:00,16324.26,4004.79,34847.51,24.9833,18.4833,55.8333,386.8333,36.256
2026-08-29 09:00:00+00:00,14870.09,3180.77,38988.09,27.7167,19.8333,69.8333,444.3333,32.628
2026-08-29 10:00:00+00:00,14785.65,2808.0,40507.69,29.1333,20.8167,60.8333,519.0,38.254
2026-08-29 11:00:00+00:00,15458.8,3141.77,39158.93,29.6167,22.0167,68.5,568.8333,38.717
2026-08-29 12:00:00+00:00,16075.33,3663.03,35608.29,27.0833,23.0833,62.3333,576.8333,35.037
2026-08-29 13:00:00+00:00,18683.19,3228.2,31427.52,29.7333,23.7167,92.3333,479.8333,30.598
2026-08-29 14:00:00+00:00,20285.09,4235.89,24862.74,27.3333,23.7833,86.5,343.5,29.15
2026-08-29 15:00:00+00:00,19256.85,4188.06,15977.99,26.4,23.4,87.5,191.1667,30.326
2026-08-29 16:00:00+00:00,16637.43,3862.81,6983.29,23.8667,22.7333,95.0,89.8333,25.672
2026-08-29 17:00:00+00:00,13828.94,2463.25,1560.93,24.3833,22.05,92.5,29.1667,25.749
2026-08-29 18:00:00+00:00,12951.39,1977.15,15.77,27.55,20.85,89.0,0.5,21.505
2026-08-29 19:00:00+00:00,15537.98,1847.0,0.0,23.0,19.3167,80.6667,0.0,19.364
2026-08-29 20:00:00+00:00,18947.87,2418.8,0.0,22.9,18.5833,88.5,0.0,20.357
2026-08-29 21:00:00+00:00,21802.18,2797.43,0.0,24.1333,18.2167,84.1667,0.0,26.887
2026-08-29 22:00:00+00:00,24060.61,2914.59,0.0,25.7833,17.85,75.1667,0.0,27.987
2026-08-29 23:00:00+00:00,24980.29,3218.44,0.0,26.55,17.7,90.8333,0.0,33.843
2026-08-30 00:00:00+00:00,26411.88,3286.4,0.0,25.7833,17.5333,88.8333,0.0,30.321
2026-08-30 01:00:00+00:00,27892.22,3187.01,0.0,29.0,17.6167,97.0,0.0,33.48
2026-08-30 02:00:00+00:00,29211.71,3029.84,0.0,30.8167,17.6333,95.8333,0.0,31.917
2026-08-30 03:00:00+00:00,30951.07,3182.8,0.0,29.45,17.6333,80.6667,0.0,30.619
2026-08-30 04:00:00+00:00,33357.7,3165.97,202.41,31.05,17.55,75.6667,4.0,29.95
2026-08-30 05:00:00+00:00,34420.99,3258.83,3919.2,30.2167,17.3,60.8333,53.5,29.56
2026-08-30 06:00:00+00:00,32968.09,3038.96,12756.68,31.1333,17.6833,79.8333,149.1667,31.905
2026-08-30 07:00:00+00:00,27870.94,3157.09,21443.83,29.7167,18.8667,74.1667,198.6667,28.959
2026-08-30 08:00:00+00:00,25505.05,3324.63,27921.5,32.95,19.6833,73.1667,300.6667,29.81
2026-08-30 09:00:00+00:00,24917.92,2704.06,31604.16,31.4667,20.6167,83.6667,299.1667,30.174
2026-08-30 10:00:00+00:00,22562.08,2368.85,33495.95,33.2167,21.3333,85.1667,352.5,25.633
2026-08-30 11:00:00+00:00,19935.42,1831.61,34483.56,34.95,21.9333,93.5,403.8333,24.464
2026-08-30 12:00:00+00:00,18818.15,1568.45,33752.23,33.2833,22.4,90.8333,337.3333,24.114
2026-08-30 13:00:00+00:00,20596.09,1603.3,30687.04,29.9667,22.9333,92.0,356.0,23.586
2026-08-30 14:00:00+00:00,19959.12,2355.2,24488.69,27.3833,23.2833,95.5,241.5,21.812
2026-08-30 15:00:00+00:00,19405.61,2192.08,17249.58,28.4167,23.05,90.6667,207.8333,24.497
2026-08-30 16:00:00+00:00,14139.46,2599.62,8065.53,26.25,22.8833,98.6667,135.6667,25.148
2026-08-30 17:00:00+00:00,9136.72,2276.83,1764.75,24.0667,22.3333,76.5,42.0,24.212
2026-08-30 18:00:00+00:00,5259.09,2024.52,16.34,18.7167,21.1,69.5,0.6667,23.819
2026-08-30 19:00:00+00:00,4122.48,2141.63,0.02,15.65,19.8833,88.5,0.0,21.86
2026-08-30 20:00:00+00:00,3941.94,2013.34,0.0,15.3333,19.0333,90.5,0.0,20.735
2026-08-30 21:00:00+00:00,3837.66,1708.7,0.0,13.3667,17.8167,73.1667,0.0,17.609
2026-08-30 22:00:00+00:00,4295.5,1481.89,0.0,14.8333,17.1667,63.5,0.0,22.182
2026-08-30 23:00:00+00:00,5359.95,1465.76,0.0,15.2167,16.8333,99.0,0.0,22.377
2026-08-31 00:00:00+00:00,7562.8,1862.84,0.0,20.2833,16.45,94.6667,0.0,21.275
2026-08-31 01:00:00+00:00,10223.34,2577.57,0.0,20.85,16.6833,88.1667,0.0,19.519
2026-08-31 02:00:00+00:00,12776.96,2554.01,0.0,23.3833,16.9167,92.8333,0.0,19.207
2026-08-31 03:00:00+00:00,15125.57,2852.19,0.0,26.7167,16.2833,96.3333,0.0,25.733
2026-08-31 04:00:00+00:00,17908.82,2518.1,128.15,22.3333,16.3,94.5,3.3333,28.896
2026-08-31 05:00:00+00:00,18898.68,2911.38,2734.15,26.05,15.9,83.6667,50.3333,27.478
2026-08-31 06:00:00+00:00,19677.37,3124.97,10516.91,25.3667,16.6167,69.1667,151.6667,22.215
2026-08-31 07:00:00+00:00,20644.79,3624.25,20478.32,27.35,17.55,93.5,206.5,31.808
2026-08-31 08:00:00+00:00,21895.3,4001.47,29333.35,28.4333,18.2333,62.5,325.5,31.016
2026-08-31 09:00:00+00:00,22556.64,4438.3,35928.05,28.1,19.3,84.3333,394.5,34.524
2026-08-31 10:00:00+00:00,20988.16,4042.45,38291.77,29.4333,20.4833,80.5,433.3333,34.912
2026-08-31 11:00:00+00:00,23059.54,2679.25,38895.18,32.5167,21.2667,92.8333,408.0,30.39
2026-08-31 12:00:00+00:00,23617.83,2649.03,36583.05,31.0833,21.4167,87.3333,388.8333,28.755
2026-08-31 13:00:00+00:00,24884.35,2300.05,32399.76,36.3833,21.6,88.1667,393.6667,28.568
2026-08-31 14:00:00+00:00,27666.03,2138.11,25447.02,31.8,21.0167,65.1667,231.8333,26.866
2026-08-31 15:00:00+00:00,28336.23,2067.12,17292.26,28.6,20.45,66.6667,233.5,21.122
2026-08-31 16:00:00+00:00,26997.17,2713.22,8264.91,30.0,20.5667,82.6667,121.0,25.927
2026-08-31 17:00:00+00:00,24913.84,3493.72,1633.95,30.55,19.6667,78.5,30.1667,26.524
2026-08-31 18:00:00+00:00,24139.12,4043.33,19.21,31.3833,18.35,64.6667,0.5,33.376
2026-08-31 19:00:00+00:00,24453.86,3832.94,0.0,30.5667,17.4,58.3333,0.0,30.373
2026-08-31 20:00:00+00:00,23716.68,4403.11,0.0,27.25,16.55,64.3333,0.0,29.678
2026-08-31 21:00:00+00:00,24031.35,4373.25,0.0,26.7,16.0333,59.0,0.0,33.311
2026-08-31 22:00:00+00:00,24101.33,4988.4,0.0,26.2833,15.8333,78.0,0.0,34.024
2026-08-31 23:00:00+00:00,23433.84,4578.01,0.0,25.25,15.5,79.6667,0.0,34.107
2026-09-01 00:00:00+00:00,22161.81,4589.9,0.0,25.9333,15.2,62.3333,0.0,37.071
2026-09-01 01:00:00+00:00,20784.51,4317.58,0.0,25.3667,15.0,72.6667,0.0,35.604
2026-09-01 02:00:00+00:00,19243.65,4372.67,0.0,25.05,14.75,92.3333,0.0,33.821
2026-09-01 03:00:00+00:00,18659.7,4219.73,0.0,25.25,14.6167,82.6667,0.0,32.558
2026-09-01 04:00:00+00:00,18940.21,3154.11,218.6,24.1833,14.3833,69.8333,4.3333,28.87
2026-09-01 05:00:00+00:00,18108.51,2708.35,4177.65,24.25,14.2167,77.3333,55.3333,30.66
2026-09-01 06:00:00+00:00,17164.11,2487.04,13372.31,23.6833,15.05,80.6667,156.8333,28.389
2026-09-01 07:00:00+00:00,17141.52,3224.23,23873.56,21.95,16.4333,77.8333,259.0,27.825
2026-09-01 08:00:00+00:00,18584.49,3801.95,32353.45,23.1333,17.7333,66.8333,323.8333,35.715
2026-09-01 09:00:00+00:00,20533.62,3645.36,37789.52,24.2667,18.9333,94.6667,419.1667,35.685
2026-09-01 10:00:00+00:00,20335.68,3904.74,40418.76,25.85,19.9333,80.8333,459.8333,38.318
2026-09-01 11:00:00+00:00,19849.84,3932.5,40735.51,26.9833,20.7,82.1667,411.6667,32.942
2026-09-01 12:00:00+00:00,18593.34,4206.94,39280.94,24.4833,20.7833,95.5,388.6667,36.794
2026-09-01 13:00:00+00:00,17065.52,4867.3,35700.2,25.2,21.3167,75.6667,369.6667,40.352
2026-09-01 14:00:00+00:00,16455.45,4615.53,29218.92,24.2333,21.2167,66.1667,267.8333,41.393
2026-09-01 15:00:00+00:00,15913.23,5011.1,20424.35,22.5,21.45,71.5,285.8333,37.213
2026-09-01 16:00:00+00:00,14029.84,5019.85,9695.07,20.85,21.15,43.0,141.1667,35.135
2026-09-01 17:00:00+00:00,11443.82,5221.65,1832.56,19.5167,20.45,63.8333,37.5,33.209
2026-09-01 18:00:00+00:00,10394.08,5189.46,16.42,19.65,19.5,75.5,0.5,33.476
2026-09-01 19:00:00+00:00,9436.82,5101.4,0.0,17.9833,17.85,72.3333,0.0,33.299
2026-09-01 20:00:00+00:00,8038.08,5266.32,0.0,16.4333,16.6167,30.1667,0.0,33.858
2026-09-01 21:00:00+00:00,7430.56,4544.69,0.0,14.4,15.7667,25.8333,0.0,34.059
2026-09-01 22:00:00+00:00,7121.52,4308.14,0.0,14.2833,15.1167,52.1667,0.0,32.561
2026-09-01 23:00:00+00:00,6133.84,4598.42,0.0,12.8,14.2667,82.3333,0.0,33.159
2026-09-02 00:00:00+00:00,5566.69,5011.85,0.0,11.4167,13.4167,66.3333,0.0,33.94
2026-09-02 01:00:00+00:00,5669.5,4933.44,0.0,12.4333,12.9167,61.8333,0.0,34.586
2026-09-02 02:00:00+00:00,5967.29,4412.42,0.0,16.5833,12.6667,58.8333,0.0,34.463
2026-09-02 03:00:00+00:00,6105.63,4075.39,0.0,13.45,12.1667,69.5,0.0,32.751
2026-09-02 04:00:00+00:00,6852.54,3961.18,272.96,15.8833,12.1167,67.6667,4.1667,32.414
2026-09-02 05:00:00+00:00,7250.75,3766.86,4693.2,14.3833,11.7167,98.3333,52.1667,30.077
2026-09-02 06:00:00+00:00,6278.92,3786.72,13506.94,14.8333,12.65,82.8333,143.1667,29.926
2026-09-02 07:00:00+00:00,4804.83,3832.61,23839.71,12.3667,14.3667,84.1667,296.5,31.158
2026-09-02 08:00:00+00:00,5367.91,3418.91,33992.26,11.9,16.5667,80.8333,417.3333,28.318
2026-09-02 09:00:00+00:00,6643.83,3222.86,40724.76,13.1667,18.7667,58.3333,526.1667,28.235
2026-09-02 10:00:00+00:00,7858.95,3416.28,43585.43,14.7167,20.4,65.8333,535.5,29.31
2026-09-02 11:00:00+00:00,9073.23,3535.76,43186.32,16.2333,21.4833,91.6667,480.5,28.878
2026-09-02 12:00:00+00:00,9054.76,4057.43,40690.5,16.1333,22.1333,85.8333,479.6667,31.17
2026-09-02 13:00:00+00:00,8906.92,4345.58,35733.34,19.0,22.35,89.5,385.6667,30.068
2026-09-02 14:00:00+00:00,9137.02,4133.77,27767.02,20.6,22.5667,89.5,329.8333,30.928
2026-09-02 15:00:00+00:00,8836.27,3741.62,17405.55,19.9,22.4667,92.0,168.8333,31.203
2026-09-02 16:00:00+00:00,6969.0,3842.24,7600.85,20.05,21.6667,97.6667,97.6667,29.897
2026-09-02 17:00:00+00:00,4953.98,3602.98,1396.11,17.4333,20.5,77.1667,35.1667,30.261
2026-09-02 18:00:00+00:00,4319.85,3438.84,5.77,14.2833,19.6667,83.6667,0.0,29.025
2026-09-02 19:00:00+00:00,4899.7,3391.03,0.0,17.4833,18.4333,88.1667,0.0,26.795
2026-09-02 20:00:00+00:00,5623.7,3309.4,0.0,18.85,17.4333,85.5,0.0,26.632
2026-09-02 21:00:00+00:00,6555.61,2542.53,0.0,18.3833,16.6833,95.0,0.0,29.342
2026-09-02 22:00:00+00:00,7437.52,3570.32,0.0,18.95,16.55,76.6667,0.0,29.966
2026-09-02 23:00:00+00:00,8728.68,4158.78,0.0,20.2667,15.8333,90.5,0.0,21.453
2026-09-03 00:00:00+00:00,9998.61,4216.86,0.0,19.0167,15.5,81.8333,0.0,33.16
2026-09-03 01:00:00+00:00,10323.07,4112.49,0.0,20.7333,15.3,66.6667,0.0,38.753
2026-09-03 02:00:00+00:00,11556.04,4258.28,0.0,22.8,14.8,68.8333,0.0,38.631
2026-09-03 03:00:00+00:00,13880.21,3869.19,0.0,23.35,14.7333,96.0,0.0,33.317
2026-09-03 04:00:00+00:00,17864.94,4063.08,156.89,22.4333,14.7833,95.1667,2.3333,31.219
2026-09-03 05:00:00+00:00,21609.44,3793.74,3730.05,23.4333,14.6667,93.3333,32.6667,31.818
2026-09-03 06:00:00+00:00,22911.29,3769.4,11538.15,23.0333,15.2833,89.5,97.3333,37.211
2026-09-03 07:00:00+00:00,23014.6,4548.46,19708.11,23.3833,16.55,84.6667,203.1667,35.287
2026-09-03 08:00:00+00:00,24588.16,4572.23,26169.3,23.2667,18.05,81.8333,243.5,40.237
2026-09-03 09:00:00+00:00,26548.39,4373.43,29688.77,25.4333,19.5333,99.3333,259.0,36.773
2026-09-03 10:00:00+00:00,28025.17,4177.46,30400.29,26.6833,19.9333,86.3333,305.6667,39.612
2026-09-03 11:00:00+00:00,28742.38,4480.05,29561.25,31.5667,20.8167,100.0,274.3333,41.212
2026-09-03 12:00:00+00:00,30508.84,4745.04,27087.48,30.3333,21.1833,97.3333,328.8333,39.878
2026-09-03 13:00:00+00:00,32642.87,4735.63,23523.38,31.95,22.2333,100.0,320.5,39.337
2026-09-03 14:00:00+00:00,33992.19,4020.12,17990.08,30.9833,22.7333,91.8333,242.1667,37.078
2026-09-03 15:00:00+00:00,32690.91,5223.33,11709.43,30.8167,22.6833,94.0,191.6667,39.408
2026-09-03 16:00:00+00:00,30122.51,5033.12,5431.13,30.3667,22.0667,100.0,92.3333,37.809
2026-09-03 17:00:00+00:00,27740.45,5776.69,1053.86,29.3333,21.5333,98.3333,20.5,34.302
2026-09-03 18:00:00+00:00,25809.5,5246.14,3.32,28.2667,20.5833,99.0,0.0,34.774
2026-09-03 19:00:00+00:00,24758.13,5578.63,0.0,28.3167,19.6667,90.6667,0.0,34.248
2026-09-03 20:00:00+00:00,24446.14,5579.25,0.0,27.8667,18.9333,90.3333,0.0,36.91
2026-09-03 21:00:00+00:00,24279.77,5394.49,0.0,25.2833,18.5667,89.8333,0.0,36.993
2026-09-03 22:00:00+00:00,23769.08,3803.19,0.0,25.2333,17.95,96.5,0.0,34.784
2026-09-03 23:00:00+00:00,23261.96,3207.92,0.0,26.8667,17.5667,99.5,0.0,31.521
2026-09-04 00:00:00+00:00,22872.71,3042.29,0.0,26.4333,17.5333,91.3333,0.0,23.547
2026-09-04 01:00:00+00:00,23050.31,3537.56,0.0,25.75,17.4167,100.0,0.0,26.082
2026-09-04 02:00:00+00:00,23332.76,4742.41,0.0,26.5,17.55,93.6667,0.0,15.216
2026-09-04 03:00:00+00:00,22976.82,4536.81,0.0,25.5833,17.2,82.1667,0.0,38.036
2026-09-04 04:00:00+00:00,25523.32,3984.01,62.66,26.45,17.1667,84.8333,1.1667,40.665
2026-09-04 05:00:00+00:00,29104.52,3478.11,2321.63,24.0333,16.9167,78.5,39.0,37.707
2026-09-04 06:00:00+00:00,30249.03,3225.67,8672.53,27.4333,17.65,78.6667,106.1667,34.671
2026-09-04 07:00:00+00:00,31775.57,2096.57,17536.74,30.25,19.2,70.8333,183.5,29.956
2026-09-04 08:00:00+00:00,33987.3,1394.97,26167.24,30.35,20.5333,79.3333,246.1667,23.278
2026-09-04 09:00:00+00:00,35673.9,1385.99,31301.83,31.15,21.95,72.6667,276.6667,16.398
2026-09-04 10:00:00+00:00,31689.66,2312.38,33464.56,32.35,22.7,69.3333,319.1667,27.475
2026-09-04 11:00:00+00:00,29643.79,3945.29,33807.27,35.1667,23.3,67.3333,389.6667,32.442
2026-09-04 12:00:00+00:00,27537.4,4372.86,31552.82,36.6667,23.7667,67.5,341.0,38.788
2026-09-04 13:00:00+00:00,29286.96,4560.32,27390.58,37.6833,24.0333,71.3333,269.3333,45.193
2026-09-04 14:00:00+00:00,33793.83,5160.08,21422.81,38.2667,23.8833,72.6667,227.3333,49.829
2026-09-04 15:00:00+00:00,37803.78,5617.94,14205.34,39.6667,23.0167,72.0,149.1667,50.468
2026-09-04 16:00:00+00:00,41083.03,4704.77,6236.42,37.6167,22.4833,67.1667,77.0,47.791
2026-09-04 17:00:00+00:00,38097.74,3742.43,906.48,35.5333,21.6,59.5,23.0,48.845
2026-09-04 18:00:00+00:00,36500.96,4252.61,2.15,34.4167,20.3,67.1667,0.0,47.618
2026-09-04 19:00:00+00:00,34676.41,4612.31,0.0,32.7333,19.3167,67.3333,0.0,51.541
2026-09-04 20:00:00+00:00,32608.65,4654.45,0.0,31.4333,18.6167,65.1667,0.0,58.628
2026-09-04 21:00:00+00:00,32185.66,4215.58,0.0,30.7167,18.3,81.5,0.0,53.614
2026-09-04 22:00:00+00:00,30393.31,2888.34,0.0,32.4,17.95,68.5,0.0,49.937
2026-09-04 23:00:00+00:00,28481.55,3471.35,0.0,32.3167,17.4667,56.3333,0.0,50.042
2026-09-05 00:00:00+00:00,26879.8,3750.38,0.0,31.8,17.2,65.0,0.0,50.199
2026-09-05 01:00:00+00:00,26225.53,4250.16,0.0,30.1167,16.9667,56.5,0.0,44.44
2026-09-05 02:00:00+00:00,26144.17,4436.62,0.0,29.4167,16.45,54.0,0.0,47.471
2026-09-05 03:00:00+00:00,26249.77,4411.54,0.0,30.0833,15.8167,67.1667,0.0,49.618
2026-09-05 04:00:00+00:00,27119.8,4323.89,110.09,26.25,14.9833,73.8333,2.1667,49.836
2026-09-05 05:00:00+00:00,24688.49,3897.55,3215.42,24.4667,14.7333,60.8333,44.1667,51.211
2026-09-05 06:00:00+00:00,23913.06,2100.4,11740.83,25.55,15.05,71.8333,104.6667,45.756
2026-09-05 07:00:00+00:00,23865.52,2967.29,21643.1,27.5333,15.6,82.5,214.1667,51.156
2026-09-05 08:00:00+00:00,22570.77,3565.95,27315.91,28.9,16.6667,82.3333,350.0,43.029
2026-09-05 09:00:00+00:00,21533.46,2429.39,31507.39,31.65,17.9,80.0,409.3333,53.348
2026-09-05 10:00:00+00:00,17653.32,1967.27,35432.61,33.3333,18.4667,76.3333,445.1667,50.558
2026-09-05 11:00:00+00:00,17142.04,1966.52,36944.92,36.7,19.4667,81.3333,432.6667,49.033
2026-09-05 12:00:00+00:00,17023.04,2039.24,36150.25,34.2333,19.95,83.1667,454.0,47.574
2026-09-05 13:00:00+00:00,17434.89,1753.82,32719.77,38.3,20.7167,63.1667,395.5,48.536
2026-09-05 14:00:00+00:00,23066.92,2493.13,26771.69,38.0167,20.7,61.8333,332.5,51.128
2026-09-05 15:00:00+00:00,31970.77,3318.19,18896.94,34.1167,20.0167,59.1667,262.8333,47.273
2026-09-05 16:00:00+00:00,32943.03,2857.9,8895.29,34.5,19.8667,32.1667,141.5,48.779
2026-09-05 17:00:00+00:00,28176.25,3028.1,1339.97,32.8333,19.1833,55.1667,32.8333,45.023
2026-09-05 18:00:00+00:00,26089.08,3087.63,4.1,32.9333,17.9167,52.6667,0.0,45.494
2026-09-05 19:00:00+00:00,25429.76,4224.56,0.02,30.3833,16.7667,51.6667,0.0,46.545
2026-09-05 20:00:00+00:00,23767.07,4820.09,0.0,26.2167,15.85,68.8333,0.0,44.742
2026-09-05 21:00:00+00:00,22595.67,4602.66,0.0,25.6833,14.7,58.5,0.0,39.836
2026-09-05 22:00:00+00:00,21116.66,5636.14,0.0,23.4833,14.3333,59.6667,0.0,40.321
2026-09-05 23:00:00+00:00,20623.85,5485.14,0.0,21.7833,13.7667,32.3333,0.0,38.889
2026-09-06 00:00:00+00:00,19550.9,5367.21,0.0,21.0333,12.3833,49.8333,0.0,38.636
2026-09-06 01:00:00+00:00,18507.85,4842.3,0.0,19.9,11.95,34.3333,0.0,38.943
2026-09-06 02:00:00+00:00,16768.64,3861.6,0.0,19.3333,11.4167,28.0,0.0,35.294
2026-09-06 03:00:00+00:00,14993.86,3622.53,0.0,18.85,10.4333,62.8333,0.0,31.672
2026-09-06 04:00:00+00:00,13465.84,3535.12,133.94,17.1167,10.2,45.1667,2.5,28.842
2026-09-06 05:00:00+00:00,11439.26,2556.95,4774.41,14.6333,9.9333,49.3333,67.0,25.469
2026-09-06 06:00:00+00:00,7948.59,2166.88,17558.27,13.1833,10.7167,44.8333,206.8333,21.454
2026-09-06 07:00:00+00:00,5146.57,2077.53,31757.95,12.45,12.9833,10.5,358.5,21.229
2026-09-06 08:00:00+00:00,3736.57,1398.18,41915.07,9.3833,15.4167,9.8333,472.5,22.417
2026-09-06 09:00:00+00:00,2838.97,2088.75,45908.14,11.2167,17.5,15.5,562.5,20.215
2026-09-06 10:00:00+00:00,2354.75,2329.02,47692.24,13.3,18.8667,45.3333,602.8333,25.036
2026-09-06 11:00:00+00:00,2064.12,2228.92,47507.43,13.4167,20.0667,39.8333,626.8333,29.101
2026-09-06 12:00:00+00:00,1948.87,2383.53,45525.55,12.1167,20.7167,25.8333,602.0,27.637
2026-09-06 13:00:00+00:00,1898.58,2336.93,40686.44,12.3667,21.3,28.3333,530.3333,28.292
2026-09-06 14:00:00+00:00,2355.37,2607.18,34205.15,12.6333,21.7333,53.3333,421.1667,28.66
2026-09-06 15:00:00+00:00,2476.74,2246.0,22237.3,13.0333,21.9167,46.1667,292.6667,26.671
2026-09-06 16:00:00+00:00,1799.75,2061.78,8730.23,12.3833,21.5833,42.8333,132.6667,23.065
2026-09-06 17:00:00+00:00,1924.76,2078.32,1227.68,12.55,20.75,75.0,26.8333,21.954
2026-09-06 18:00:00+00:00,2952.93,2645.4,1.24,13.05,18.7167,86.8333,0.0,26.27
2026-09-06 19:00:00+00:00,5862.02,3501.69,0.0,13.4167,17.0667,62.8333,0.0,27.784
2026-09-06 20:00:00+00:00,9383.31,3769.02,0.0,17.0667,16.05,83.8333,0.0,28.391
2026-09-06 21:00:00+00:00,12680.02,3669.5,0.0,21.0,15.2167,55.1667,0.0,27.919
2026-09-06 22:00:00+00:00,14164.14,3468.26,0.0,21.9,14.9167,75.1667,0.0,31.48
2026-09-06 23:00:00+00:00,14563.88,3421.76,0.0,22.8667,14.6,77.6667,0.0,29.462
2026-09-07 00:00:00+00:00,14405.34,3338.53,0.0,20.95,13.8833,74.5,0.0,27.843
2026-09-07 01:00:00+00:00,13714.53,3115.27,0.0,21.4667,13.6333,72.6667,0.0,27.384
2026-09-07 02:00:00+00:00,13883.06,3097.57,0.0,23.5167,13.65,75.3333,0.0,27.081
2026-09-07 03:00:00+00:00,13783.59,2983.56,0.0,22.8833,13.25,87.1667,0.0,24.791
2026-09-07 04:00:00+00:00,13966.79,2960.1,96.09,22.9,13.3167,97.0,1.8333,24.546
2026-09-07 05:00:00+00:00,14261.98,2653.54,2973.99,23.8667,13.1667,73.0,52.3333,27.856
2026-09-07 06:00:00+00:00,13249.75,2566.9,9868.17,21.1833,13.6667,90.8333,124.0,26.592
2026-09-07 07:00:00+00:00,10119.37,2602.69,18491.85,21.6167,15.85,96.8333,209.5,25.636
2026-09-07 08:00:00+00:00,7670.37,3360.5,26990.26,17.3,17.7333,91.8333,330.5,26.829
2026-09-07 09:00:00+00:00,6487.35,3761.43,33996.95,14.5167,20.0667,57.5,423.6667,30.418
2026-09-07 10:00:00+00:00,6357.99,3643.48,39260.08,16.2,21.95,69.6667,479.5,27.609
2026-09-07 11:00:00+00:00,6933.01,3743.58,41981.87,17.1,23.0833,69.3333,517.6667,25.71
2026-09-07 12:00:00+00:00,8232.89,3780.92,41237.94,17.9,24.5,35.0,547.0,24.582
2026-09-07 13:00:00+00:00,9379.58,3488.8,37533.77,18.9833,25.65,58.1667,487.6667,23.88
2026-09-07 14:00:00+00:00,10263.21,3604.23,30168.97,19.0167,26.3833,41.3333,334.0,26.212
2026-09-07 15:00:00+00:00,10630.61,3630.88,19129.7,18.4667,26.4333,64.8333,249.8333,27.53
2026-09-07 16:00:00+00:00,10419.87,3791.1,7583.74,20.0667,26.25,67.3333,126.6667,23.6
2026-09-07 17:00:00+00:00,12037.9,3761.03,983.21,21.0333,25.3167,85.5,24.3333,25.638
2026-09-07 18:00:00+00:00,14581.27,3324.54,0.48,20.1833,23.0,48.8333,0.0,23.399
2026-09-07 19:00:00+00:00,14577.01,3655.88,0.0,23.5167,21.1833,69.3333,0.0,27.026
2026-09-07 20:00:00+00:00,14284.31,3314.05,0.0,21.6333,20.2,56.5,0.0,26.458
2026-09-07 21:00:00+00:00,13747.62,3218.78,0.0,17.5833,19.0667,46.6667,0.0,24.06
2026-09-07 22:00:00+00:00,13151.24,3333.22,0.0,17.8333,18.25,31.3333,0.0,20.821
2026-09-07 23:00:00+00:00,12464.56,3300.29,0.0,18.75,17.7167,52.1667,0.0,19.191
2026-09-08 00:00:00+00:00,11922.08,3494.73,0.0,17.9667,17.1333,76.8333,0.0,14.893
2026-09-08 01:00:00+00:00,11111.28,3356.98,0.0,19.7,16.7667,60.0,0.0,15.564
2026-09-08 02:00:00+00:00,11622.17,2927.84,0.0,22.7667,16.4333,72.1667,0.0,17.287
2026-09-08 03:00:00+00:00,12195.33,1926.31,0.0,21.6,15.9833,68.6667,0.0,17.408
2026-09-08 04:00:00+00:00,13208.56,1747.62,86.16,22.25,15.7833,82.3333,1.0,22.45
2026-09-08 05:00:00+00:00,13708.11,1531.76,3541.94,20.5667,15.6833,86.5,35.3333,25.124
2026-09-08 06:00:00+00:00,11765.87,1154.83,12638.88,19.7167,16.55,94.5,101.6667,23.942
2026-09-08 07:00:00+00:00,10361.4,862.58,24021.26,18.0833,17.9333,72.1667,223.1667,17.343
2026-09-08 08:00:00+00:00,11378.78,1032.97,33124.15,16.8333,19.85,77.6667,347.1667,16.314
2026-09-08 09:00:00+00:00,13918.95,1689.84,39755.31,15.4667,21.6667,64.3333,421.8333,19.349
2026-09-08 10:00:00+00:00,15305.22,2425.11,43549.73,16.8667,23.5333,63.8333,456.0,19.723
2026-09-08 11:00:00+00:00,14858.61,3562.63,44364.95,20.4833,24.75,88.3333,490.0,32.022
2026-09-08 12:00:00+00:00,15348.14,3497.69,42380.16,18.9333,25.6167,66.3333,473.3333,26.914
2026-09-08 13:00:00+00:00,16405.25,3272.22,37640.59,21.1,26.3,61.3333,397.5,29.712
2026-09-08 14:00:00+00:00,15724.9,4012.42,30310.91,27.2667,26.35,60.0,352.5,29.074
2026-09-08 15:00:00+00:00,14093.08,2837.16,19663.55,22.1167,26.0167,45.5,244.8333,27.975
2026-09-08 16:00:00+00:00,10520.17,2588.32,7582.46,21.0167,25.8333,30.1667,121.8333,22.649
2026-09-08 17:00:00+00:00,8448.28,1361.89,797.3,19.3333,24.8833,72.1667,13.3333,26.946
2026-09-08 18:00:00+00:00,8952.86,488.65,0.25,17.25,22.5167,68.1667,0.0,25.111
2026-09-08 19:00:00+00:00,11518.41,540.24,0.0,18.6,20.5667,58.8333,0.0,24.743
2026-09-08 20:00:00+00:00,15966.28,983.18,0.0,16.6667,20.05,76.3333,0.0,24.976
2026-09-08 21:00:00+00:00,21533.82,1130.37,0.0,21.0333,19.0333,73.6667,0.0,16.949
2026-09-08 22:00:00+00:00,25339.14,1359.33,0.0,23.7333,18.0167,78.0,0.0,20.3
2026-09-08 23:00:00+00:00,25736.25,2101.22,0.0,29.5,17.9667,90.3333,0.0,28.246
2026-09-09 00:00:00+00:00,23919.41,2180.92,0.0,28.6667,16.8667,92.8333,0.0,27.389
2026-09-09 01:00:00+00:00,22001.1,2083.67,0.0,25.5,16.4167,92.0,0.0,29.605
2026-09-09 02:00:00+00:00,22335.64,2094.53,0.0,23.85,16.0,67.5,0.0,25.337
2026-09-09 03:00:00+00:00,23329.4,2372.91,0.0,24.1667,15.5,77.6667,0.0,26.934
2026-09-09 04:00:00+00:00,23550.01,2284.46,43.9,25.9833,15.1833,75.3333,1.1667,26.051
2026-09-09 05:00:00+00:00,22045.99,2550.79,2054.36,27.6167,15.0333,84.3333,37.8333,30.344
2026-09-09 06:00:00+00:00,19943.15,2189.83,8234.14,24.3333,14.8667,70.6667,115.8333,28.526
2026-09-09 07:00:00+00:00,18416.95,2364.12,16372.77,23.7167,15.45,79.6667,206.1667,29.397
2026-09-09 08:00:00+00:00,19222.59,2379.11,22211.12,25.1833,16.3667,80.5,243.5,24.968
2026-09-09 09:00:00+00:00,20461.5,1112.14,25621.33,26.3667,16.6,93.6667,305.8333,14.595
2026-09-09 10:00:00+00:00,21421.66,1416.15,27150.23,26.8333,17.05,94.6667,357.5,7.705
2026-09-09 11:00:00+00:00,21413.81,2264.0,27270.21,29.2,17.4333,75.5,342.8333,23.097
2026-09-09 12:00:00+00:00,21265.93,2228.61,25518.67,28.25,17.4,96.8333,240.8333,28.437
2026-09-09 13:00:00+00:00,20614.11,2496.96,23239.8,31.6833,17.0333,88.6667,227.6667,36.051
2026-09-09 14:00:00+00:00,20770.18,3256.24,18412.03,30.3,17.0667,97.0,173.6667,33.582
2026-09-09 15:00:00+00:00,20288.1,4089.42,11934.76,29.3167,16.95,75.3333,164.3333,39.466
2026-09-09 16:00:00+00:00,18750.4,4858.22,5470.77,24.85,16.5167,74.5,85.3333,39.748
2026-09-09 17:00:00+00:00,16645.74,4565.06,821.53,25.5333,16.35,90.8333,16.6667,39.198
2026-09-09 18:00:00+00:00,16411.4,4626.21,0.15,24.8333,15.3667,69.0,0.0,36.086
2026-09-09 19:00:00+00:00,17227.84,4395.91,0.0,25.1833,14.4,51.8333,0.0,35.758
2026-09-09 20:00:00+00:00,18383.8,4210.74,0.0,25.4333,13.7333,79.5,0.0,36.142
2026-09-09 21:00:00+00:00,19239.14,4231.9,0.0,22.5333,12.9167,84.8333,0.0,31.135
2026-09-09 22:00:00+00:00,18329.44,4137.79,0.0,21.8,12.25,93.6667,0.0,33.679
2026-09-09 23:00:00+00:00,16473.69,3771.26,0.0,21.55,12.0667,81.5,0.0,37.444
2026-09-10 00:00:00+00:00,14414.38,3576.41,0.0,21.3333,11.9,80.1667,0.0,33.302
2026-09-10 01:00:00+00:00,12642.61,3330.55,0.0,21.5833,11.3667,70.0,0.0,33.636
2026-09-10 02:00:00+00:00,11270.53,3230.75,0.0,18.5,10.9167,58.1667,0.0,32.023
2026-09-10 03:00:00+00:00,9923.85,2886.12,0.0,17.35,10.8833,64.3333,0.0,30.23
2026-09-10 04:00:00+00:00,9061.82,2695.96,37.71,16.75,10.3667,75.1667,1.0,30.575
2026-09-10 05:00:00+00:00,8072.12,2676.69,2465.54,15.4833,10.3167,71.5,42.3333,25.999
2026-09-10 06:00:00+00:00,6455.02,2611.5,10508.29,15.4833,10.8833,93.1667,127.0,29.434
2026-09-10 07:00:00+00:00,5557.1,2107.47,22055.71,12.25,12.1667,76.5,273.8333,21.994
2026-09-10 08:00:00+00:00,5825.73,1502.42,32117.09,9.75,13.7667,64.5,372.8333,23.148
2026-09-10 09:00:00+00:00,6158.16,1353.32,37524.16,12.4,15.2,77.1667,453.8333,14.32
2026-09-10 10:00:00+00:00,5988.4,1325.73,39978.41,13.7333,16.5833,51.5,544.0,18.39
2026-09-10 11:00:00+00:00,5584.58,1399.16,39568.06,15.05,17.4333,57.0,538.8333,19.397
2026-09-10 12:00:00+00:00,5293.32,1460.6,36289.79,15.1,17.8667,39.5,461.0,19.878
2026-09-10 13:00:00+00:00,4456.01,1539.31,31630.64,12.9333,18.1667,95.5,358.6667,18.362
2026-09-10 14:00:00+00:00,3449.56,1709.87,24364.33,13.0,18.2167,70.0,282.8333,18.158
2026-09-10 15:00:00+00:00,2254.35,1763.14,15181.24,12.25,17.9667,82.6667,213.5,19.042
2026-09-10 16:00:00+00:00,1086.81,1779.26,6180.94,10.15,17.7833,59.8333,107.8333,20.481
2026-09-10 17:00:00+00:00,571.29,2098.91,707.25,10.55,17.0833,53.6667,19.6667,20.359
2026-09-10 18:00:00+00:00,544.52,2567.66,0.1,12.8167,15.5333,44.1667,0.0,22.351
2026-09-10 19:00:00+00:00,784.61,3065.66,0.0,13.15,14.4333,45.1667,0.0,29.182
2026-09-10 20:00:00+00:00,1306.06,3429.59,0.0,12.4833,13.5333,63.1667,0.0,30.396
2026-09-10 21:00:00+00:00,2132.28,3890.11,0.0,14.2667,12.2167,37.5,0.0,33.206
2026-09-10 22:00:00+00:00,3412.72,3903.28,0.0,14.6333,11.5167,59.6667,0.0,33.904
2026-09-10 23:00:00+00:00,4685.77,3869.21,0.0,15.35,11.1167,55.0,0.0,34.172
2026-09-11 00:00:00+00:00,5747.41,3987.87,0.0,15.35,10.3167,67.0,0.0,35.036
2026-09-11 01:00:00+00:00,6023.44,3873.42,0.0,14.6,10.0667,62.0,0.0,32.477
2026-09-11 02:00:00+00:00,6271.45,3764.39,0.0,15.6333,9.9167,78.3333,0.0,35.701
2026-09-11 03:00:00+00:00,6158.22,3755.2,0.0,15.9,9.9333,97.1667,0.0,34.637
2026-09-11 04:00:00+00:00,6029.16,3988.48,22.99,17.55,10.2333,97.1667,1.0,33.23
2026-09-11 05:00:00+00:00,6503.13,3476.25,2294.37,17.55,10.2333,90.6667,42.1667,34.815
2026-09-11 06:00:00+00:00,6407.75,3566.88,9378.54,16.9667,10.6333,82.8333,149.0,34.053
2026-09-11 07:00:00+00:00,5064.28,4079.13,19386.47,14.8333,12.3833,83.1667,233.1667,35.39
2026-09-11 08:00:00+00:00,3597.78,4072.09,31359.18,12.45,14.45,90.0,355.8333,34.679
2026-09-11 09:00:00+00:00,3866.01,3637.4,39861.89,11.1833,16.2833,76.3333,428.8333,38.54
2026-09-11 10:00:00+00:00,5001.09,3149.07,42051.95,12.6667,17.7,68.5,479.8333,33.985
2026-09-11 11:00:00+00:00,5825.94,3019.22,41821.4,15.0833,18.6833,82.0,454.3333,24.464
2026-09-11 12:00:00+00:00,6555.54,2374.28,39207.24,14.9667,19.8333,68.5,484.5,23.52
2026-09-11 13:00:00+00:00,6923.29,1820.27,33475.38,16.7167,19.7833,77.6667,342.8333,20.594
2026-09-11 14:00:00+00:00,6260.27,1560.28,24701.63,16.15,19.75,87.5,202.0,21.848
2026-09-11 15:00:00+00:00,4936.68,1441.19,14951.61,14.9,19.3667,90.6667,144.3333,25.413
2026-09-11 16:00:00+00:00,3974.29,1608.51,5611.58,18.65,19.05,92.0,72.0,27.397
2026-09-11 17:00:00+00:00,3039.63,1939.17,538.84,16.55,17.95,71.6667,13.1667,24.01
2026-09-11 18:00:00+00:00,2463.0,2047.12,0.07,18.25,16.4,62.5,0.0,22.512
2026-09-11 19:00:00+00:00,2837.33,2070.69,0.0,15.3,15.4167,56.6667,0.0,23.076
2026-09-11 20:00:00+00:00,3118.02,1479.61,0.0,15.5333,14.5667,48.5,0.0,24.17
2026-09-11 21:00:00+00:00,3264.13,1049.64,0.0,14.3833,13.95,56.3333,0.0,21.824
2026-09-11 22:00:00+00:00,3392.72,831.97,0.0,14.7667,13.3167,55.1667,0.0,20.498
2026-09-11 23:00:00+00:00,2703.14,860.41,0.0,14.5833,12.85,44.3333,0.0,20.972
2026-09-12 00:00:00+00:00,2417.38,982.59,0.0,14.1,12.4833,51.6667,0.0,18.761
2026-09-12 01:00:00+00:00,2269.6,1101.8,0.0,13.2167,12.0333,49.6667,0.0,19.464
2026-09-12 02:00:00+00:00,2007.26,1134.72,0.0,12.3667,11.5667,56.3333,0.0,20.992
2026-09-12 03:00:00+00:00,1919.9,1021.99,0.0,12.3333,11.4333,71.5,0.0,22.426
2026-09-12 04:00:00+00:00,1948.78,1075.89,17.26,11.8667,11.5167,97.8333,0.5,20.422
2026-09-12 05:00:00+00:00,2319.68,930.65,2193.76,12.9,11.6667,96.8333,27.3333,21.992
2026-09-12 06:00:00+00:00,2387.04,1088.92,9822.06,12.4333,12.1333,84.5,113.1667,19.153
2026-09-12 07:00:00+00:00,1715.97,1584.02,20617.01,12.9833,13.3667,85.3333,217.8333,20.632
2026-09-12 08:00:00+00:00,2133.34,2456.53,31760.01,10.3667,14.8833,78.0,333.8333,23.245
2026-09-12 09:00:00+00:00,3201.8,2420.35,38607.14,10.2333,17.15,64.5,432.8333,28.812
2026-09-12 10:00:00+00:00,3895.18,2934.44,40910.16,12.8333,18.7,78.0,503.6667,30.562
2026-09-12 11:00:00+00:00,4382.97,3432.62,38790.72,13.85,19.75,68.6667,543.1667,33.819
2026-09-12 12:00:00+00:00,4506.78,3538.18,34657.92,14.8167,20.6833,84.3333,383.3333,37.868
2026-09-12 13:00:00+00:00,5218.59,3601.64,30621.98,16.3,20.9667,79.6667,393.3333,35.64
2026-09-12 14:00:00+00:00,6675.55,4331.88,23993.42,17.2333,21.1,83.0,219.3333,35.335
2026-09-12 15:00:00+00:00,6519.7,4545.16,14771.41,15.5,21.1833,85.1667,149.5,37.111
2026-09-12 16:00:00+00:00,5824.28,4380.2,5232.04,16.1167,20.7833,91.5,73.6667,40.314
2026-09-12 17:00:00+00:00,6429.35,4352.24,418.79,16.8667,19.8333,87.0,11.1667,36.364
2026-09-12 18:00:00+00:00,6113.54,3969.55,0.01,16.8,18.5667,88.5,0.0,34.866
2026-09-12 19:00:00+00:00,8153.9,3756.33,0.0,17.3,17.5,97.3333,0.0,32.188
2026-09-12 20:00:00+00:00,8912.3,3500.49,0.0,18.4,16.55,100.0,0.0,30.318
2026-09-12 21:00:00+00:00,9373.92,3177.72,0.0,18.05,16.0167,87.1667,0.0,30.721
2026-09-12 22:00:00+00:00,10059.69,2776.73,0.0,17.7167,15.5667,93.1667,0.0,29.865
2026-09-12 23:00:00+00:00,10998.09,2957.66,0.0,18.55,15.1833,100.0,0.0,28.681
2026-09-13 00:00:00+00:00,11317.04,3247.18,0.0,18.7333,14.8167,93.6667,0.0,29.159
2026-09-13 01:00:00+00:00,11459.89,2783.16,0.0,19.3333,14.8667,90.6667,0.0,26.71
2026-09-13 02:00:00+00:00,11027.6,2373.44,0.0,19.0167,14.55,100.0,0.0,30.076
2026-09-13 03:00:00+00:00,10770.81,2444.49,0.0,20.1167,14.2833,79.5,0.0,24.993
2026-09-13 04:00:00+00:00,10798.83,2233.23,5.12,20.9167,14.25,83.1667,0.0,26.779
2026-09-13 05:00:00+00:00,11264.74,2183.36,1177.76,21.7667,14.2333,89.6667,19.1667,24.919
2026-09-13 06:00:00+00:00,11158.04,2433.28,4838.36,20.6167,14.7333,93.3333,53.0,27.145
2026-09-13 07:00:00+00:00,10600.59,2378.0,9795.93,20.05,15.6,98.0,72.1667,28.537
2026-09-13 08:00:00+00:00,9919.37,2005.39,15549.93,20.2,16.2333,98.6667,123.6667,24.898
2026-09-13 09:00:00+00:00,9992.77,1646.0,20349.43,18.8333,17.5167,99.6667,149.3333,22.114
2026-09-13 10:00:00+00:00,10290.16,1468.79,21693.91,19.9167,18.35,98.0,169.3333,22.344
2026-09-13 11:00:00+00:00,10311.02,1743.17,20813.34,18.3833,19.0,99.6667,190.1667,26.514
2026-09-13 12:00:00+00:00,10366.34,1895.36,18383.33,17.7833,19.8667,100.0,138.1667,23.618
2026-09-13 13:00:00+00:00,10599.76,2196.77,14269.85,18.1333,19.8667,100.0,109.5,20.9
2026-09-13 14:00:00+00:00,11132.84,2226.46,10287.21,20.3,19.9333,100.0,120.3333,20.781
2026-09-13 15:00:00+00:00,10647.03,2359.68,5699.43,20.6167,19.2,99.6667,78.8333,24.05
2026-09-13 16:00:00+00:00,9853.05,2190.24,2152.61,20.5667,18.6833,98.1667,33.6667,21.549
2026-09-13 17:00:00+00:00,9036.09,1391.23,256.83,19.55,18.15,100.0,3.6667,23.663
2026-09-13 18:00:00+00:00,7956.78,1056.85,0.05,20.55,17.15,98.0,0.0,19.184
2026-09-13 19:00:00+00:00,7239.21,1033.08,0.0,19.1833,16.3833,94.8333,0.0,21.548
2026-09-13 20:00:00+00:00,6997.89,909.02,0.0,18.0667,15.85,94.3333,0.0,21.713
2026-09-13 21:00:00+00:00,6283.8,829.54,0.0,18.8833,15.2,55.5,0.0,19.013
2026-09-13 22:00:00+00:00,5997.52,831.19,0.0,20.55,14.9167,62.6667,0.0,16.399
2026-09-13 23:00:00+00:00,6136.88,767.22,0.0,19.3833,14.6167,69.3333,0.0,15.99
2026-09-14 00:00:00+00:00,5725.45,743.25,0.0,18.4167,14.4833,89.3333,0.0,16.967
2026-09-14 01:00:00+00:00,5052.21,631.76,0.0,16.15,14.1167,81.0,0.0,17.883
2026-09-14 02:00:00+00:00,4268.62,650.61,0.0,14.6833,13.8833,66.0,0.0,20.199
2026-09-14 03:00:00+00:00,3782.17,526.62,0.0,13.3333,13.7667,76.3333,0.0,14.708
2026-09-14 04:00:00+00:00,3448.69,464.66,7.56,14.8167,13.5167,82.6667,0.1667,16.182
2026-09-14 05:00:00+00:00,3187.03,378.43,1774.31,11.6833,13.25,84.6667,24.1667,11.507
2026-09-14 06:00:00+00:00,2495.31,299.87,7870.87,9.4833,13.4333,95.3333,95.6667,12.8
2026-09-14 07:00:00+00:00,2020.45,360.58,16705.85,9.1667,14.3167,91.6667,199.1667,12.655
2026-09-14 08:00:00+00:00,2060.33,350.07,25805.17,8.0833,15.45,83.8333,298.5,13.646
2026-09-14 09:00:00+00:00,1931.02,535.89,32304.66,9.3,17.0167,92.5,402.3333,17.239
2026-09-14 10:00:00+00:00,1890.83,825.64,36193.32,10.0,18.0667,77.8333,450.8333,20.472
2026-09-14 11:00:00+00:00,2031.47,855.75,37510.36,9.45,18.85,84.1667,381.8333,21.698
2026-09-14 12:00:00+00:00,2125.52,841.57,36685.85,11.15,19.7,92.3333,408.5,22.212
2026-09-14 13:00:00+00:00,2000.03,909.04,33263.76,9.05,20.2333,80.0,396.0,18.784
2026-09-14 14:00:00+00:00,1630.09,880.36,26925.29,10.9333,20.7167,72.8333,288.3333,19.951
2026-09-14 15:00:00+00:00,1119.14,830.68,16848.21,10.2667,20.9167,62.3333,199.6667,20.666
2026-09-14 16:00:00+00:00,686.0,1037.95,5892.4,10.0,20.4833,53.1667,88.8333,19.815
2026-09-14 17:00:00+00:00,454.22,1446.76,392.4,9.05,19.4833,48.0,12.1667,21.101
2026-09-14 18:00:00+00:00,431.4,1560.0,0.01,8.9667,17.7167,61.3333,0.0,22.597
2026-09-14 19:00:00+00:00,785.34,1803.05,0.0,9.3667,16.4833,46.1667,0.0,22.519
2026-09-14 20:00:00+00:00,1622.44,2075.63,0.0,11.7167,15.5833,43.5,0.0,25.082
2026-09-14 21:00:00+00:00,2774.69,2132.1,0.0,13.6,14.6,55.3333,0.0,22.737
2026-09-14 22:00:00+00:00,3890.09,2330.76,0.0,12.65,13.95,59.5,0.0,20.888
2026-09-14 23:00:00+00:00,4587.06,2806.89,0.0,14.2,14.0333,81.8333,0.0,21.527
2026-09-15 00:00:00+00:00,5049.09,3176.15,0.0,14.45,13.5833,62.8333,0.0,25.166
2026-09-15 01:00:00+00:00,5322.48,3131.92,0.0,16.1667,13.5167,90.6667,0.0,26.258
2026-09-15 02:00:00+00:00,5699.22,3425.14,0.0,15.1833,13.4667,90.3333,0.0,28.465
2026-09-15 03:00:00+00:00,5889.14,3562.7,0.0,15.5167,13.0,80.0,0.0,30.452
2026-09-15 04:00:00+00:00,6273.28,3978.3,13.82,15.45,13.0167,82.6667,0.3333,30.176
2026-09-15 05:00:00+00:00,7114.48,4127.54,2512.63,16.2,12.7167,65.0,31.6667,30.071
2026-09-15 06:00:00+00:00,6939.11,4011.19,12065.57,16.2,13.5667,40.5,135.0,30.487
2026-09-15 07:00:00+00:00,5012.95,4108.8,25368.02,16.0167,15.4667,36.6667,257.8333,33.175
2026-09-15 08:00:00+00:00,4257.15,3804.99,37707.82,12.05,17.7,39.3333,384.6667,33.414
2026-09-15 09:00:00+00:00,5579.78,3245.21,46200.63,14.15,20.6333,43.0,508.8333,36.246
2026-09-15 10:00:00+00:00,5896.4,3270.43,48382.86,15.0,22.5333,36.5,562.0,33.843
2026-09-15 11:00:00+00:00,7152.94,3306.46,46708.46,16.8333,23.9167,40.6667,544.6667,33.019
2026-09-15 12:00:00+00:00,8018.61,3518.11,43228.22,16.55,24.8,41.0,516.1667,38.755
2026-09-15 13:00:00+00:00,8704.39,3570.33,37290.1,17.6667,25.4167,44.8333,457.6667,32.377
2026-09-15 14:00:00+00:00,8250.96,3843.93,28752.4,16.7,25.9,63.1667,320.1667,33.656
2026-09-15 15:00:00+00:00,6977.67,3860.16,17022.36,15.3,25.8,51.1667,212.0,32.856
2026-09-15 16:00:00+00:00,5157.48,3904.58,5378.78,16.1667,25.2667,49.3333,84.5,31.32
2026-09-15 17:00:00+00:00,4837.38,4045.63,296.85,17.1833,23.8833,68.5,9.0,28.6
2026-09-15 18:00:00+00:00,6596.6,3803.66,0.0,20.3333,21.9167,56.3333,0.0,29.558
2026-09-15 19:00:00+00:00,9511.71,3562.65,0.0,19.2167,20.3833,88.6667,0.0,30.356
2026-09-15 20:00:00+00:00,11804.26,3804.49,0.0,18.7333,19.4667,93.3333,0.0,29.419
2026-09-15 21:00:00+00:00,13065.64,3952.58,0.0,20.8,19.0167,87.6667,0.0,27.339
2026-09-15 22:00:00+00:00,13301.59,4014.46,0.0,18.5833,18.0,68.5,0.0,28.313
2026-09-15 23:00:00+00:00,12150.19,3655.27,0.0,17.3,17.2833,60.8333,0.0,28.159
2026-09-16 00:00:00+00:00,11095.55,3132.19,0.0,17.6,16.95,94.1667,0.0,29.277
2026-09-16 01:00:00+00:00,10642.36,2513.61,0.0,19.0833,16.6333,89.1667,0.0,27.336
2026-09-16 02:00:00+00:00,9621.68,2535.64,0.0,16.9333,16.4333,87.3333,0.0,28.605
2026-09-16 03:00:00+00:00,8346.52,2013.71,0.0,15.1,15.5833,88.3333,0.0,26.422
2026-09-16 04:00:00+00:00,8569.96,2001.49,8.85,17.85,15.2833,83.0,0.3333,24.116
2026-09-16 05:00:00+00:00,8810.44,2400.12,1746.81,16.8833,14.5833,87.6667,36.8333,24.608
2026-09-16 06:00:00+00:00,7495.74,2227.83,8215.33,14.3833,14.7833,64.1667,128.6667,27.962
2026-09-16 07:00:00+00:00,5892.62,1910.71,16890.96,13.2333,16.5833,65.0,236.6667,27.862
2026-09-16 08:00:00+00:00,6226.8,1676.42,23832.26,14.2833,18.15,76.6667,265.6667,25.465
2026-09-16 09:00:00+00:00,7193.15,1041.09,27916.61,13.8,18.5333,85.6667,292.5,24.987
2026-09-16 10:00:00+00:00,8637.6,917.01,29291.08,17.8667,19.1333,83.1667,319.5,29.919
2026-09-16 11:00:00+00:00,9793.39,1965.06,26638.64,21.7667,19.55,92.6667,320.5,28.868
2026-09-16 12:00:00+00:00,12020.15,2303.23,22939.14,23.6333,19.2333,75.0,234.1667,30.214
2026-09-16 13:00:00+00:00,12941.69,2350.17,19316.54,26.9833,18.3667,90.8333,237.5,32.852
2026-09-16 14:00:00+00:00,13179.78,2800.32,15361.91,28.5,18.2333,83.3333,156.6667,34.673
2026-09-16 15:00:00+00:00,12436.23,2343.29,9811.91,21.3,17.2667,81.3333,131.3333,34.939
2026-09-16 16:00:00+00:00,10256.43,2527.92,3700.66,22.7833,17.25,64.8333,69.0,34.166
2026-09-16 17:00:00+00:00,9462.52,2987.85,290.65,21.2667,16.1833,84.5,6.5,33.183
2026-09-16 18:00:00+00:00,10153.89,3413.25,0.0,23.0833,15.2,76.1667,0.0,28.247
2026-09-16 19:00:00+00:00,11289.44,3359.78,0.0,24.2833,14.6167,52.6667,0.0,31.082
2026-09-16 20:00:00+00:00,11617.34,3116.73,0.0,22.1667,13.9167,69.5,0.0,30.907
2026-09-16 21:00:00+00:00,12634.64,2985.89,0.0,21.6,13.5667,67.5,0.0,34.425
2026-09-16 22:00:00+00:00,12531.74,3139.86,0.0,21.8,13.1,78.5,0.0,29.35
2026-09-16 23:00:00+00:00,11998.32,3442.84,0.0,23.0,12.7833,54.1667,0.0,31.701
2026-09-17 00:00:00+00:00,11771.51,2965.2,0.0,21.9,12.5333,83.1667,0.0,29.894
2026-09-17 01:00:00+00:00,11580.57,2791.79,0.0,22.65,12.3833,62.5,0.0,32.861
2026-09-17 02:00:00+00:00,11454.39,3394.78,0.0,22.7167,11.9,65.5,0.0,31.773
2026-09-17 03:00:00+00:00,12329.89,4177.82,0.0,21.35,11.4833,70.5,0.0,35.825
2026-09-17 04:00:00+00:00,13733.25,4444.62,5.42,22.7,11.4167,74.8333,0.1667,41.827
2026-09-17 05:00:00+00:00,14934.55,4810.48,2272.1,22.2667,11.35,76.1667,28.3333,38.994
2026-09-17 06:00:00+00:00,15043.75,5079.16,11337.18,21.3833,11.4833,78.5,118.3333,42.272
2026-09-17 07:00:00+00:00,14239.43,4276.2,23682.84,20.25,12.8,66.3333,235.5,39.439
2026-09-17 08:00:00+00:00,15338.38,4507.5,33417.01,19.8333,14.1833,67.3333,332.0,41.726
2026-09-17 09:00:00+00:00,16482.62,4113.92,36786.06,20.9,16.05,79.0,365.1667,44.671
2026-09-17 10:00:00+00:00,17325.82,3873.9,36742.85,24.0167,16.95,84.6667,397.0,42.202
2026-09-17 11:00:00+00:00,16897.69,4081.81,36721.2,24.35,17.75,88.8333,392.5,46.745
2026-09-17 12:00:00+00:00,17975.23,3441.76,34612.61,26.5333,18.6,97.0,374.1667,42.024
2026-09-17 13:00:00+00:00,19529.21,3254.5,29686.21,25.75,19.0333,81.6667,310.1667,43.732
2026-09-17 14:00:00+00:00,21812.0,3035.42,23040.95,27.8667,18.95,91.6667,199.5,35.371
2026-09-17 15:00:00+00:00,21675.8,2595.92,13365.13,24.0833,18.8,77.3333,123.6667,38.152
2026-09-17 16:00:00+00:00,20680.42,3332.58,4041.67,22.6167,18.3,80.0,64.3333,35.29
2026-09-17 17:00:00+00:00,21034.56,3225.29,168.57,23.4167,17.2667,78.0,4.6667,36.188
2026-09-17 18:00:00+00:00,22075.83,3324.57,0.0,22.5167,16.1333,88.3333,0.0,30.303
2026-09-17 19:00:00+00:00,23036.57,3558.81,0.0,25.0333,15.35,99.8333,0.0,29.911
2026-09-17 20:00:00+00:00,21628.86,3382.41,0.0,23.4333,14.5833,99.1667,0.0,33.554
2026-09-17 21:00:00+00:00,20911.99,3545.14,0.0,25.5667,13.8167,99.6667,0.0,37.269
2026-09-17 22:00:00+00:00,19763.12,4336.76,0.0,23.6167,13.2833,92.6667,0.0,35.228
2026-09-17 23:00:00+00:00,17640.29,4413.26,0.0,22.8,13.1333,97.6667,0.0,37.095
2026-09-18 00:00:00+00:00,16774.36,4195.26,0.0,22.0667,12.9667,93.6667,0.0,38.582
2026-09-18 01:00:00+00:00,17180.26,4298.2,0.0,21.75,12.7333,95.5,0.0,38.046
2026-09-18 02:00:00+00:00,16742.53,4163.74,0.0,21.8667,12.3333,84.6667,0.0,45.873
2026-09-18 03:00:00+00:00,16779.19,4134.96,0.0,23.2667,12.0667,95.6667,0.0,41.46
2026-09-18 04:00:00+00:00,17528.87,4794.93,3.33,24.0167,12.15,90.1667,0.0,39.993
2026-09-18 05:00:00+00:00,17773.84,4650.47,1483.5,24.0167,12.0167,99.5,21.0,39.427
2026-09-18 06:00:00+00:00,15846.6,4663.72,7860.04,23.7333,12.4167,95.6667,94.8333,38.554
2026-09-18 07:00:00+00:00,13504.17,4576.48,17652.47,22.9167,13.5,87.6667,157.5,40.1
2026-09-18 08:00:00+00:00,14374.43,2589.15,27680.71,20.15,14.7667,91.8333,274.5,40.496
2026-09-18 09:00:00+00:00,17139.61,2870.38,32300.34,22.5167,16.8833,79.6667,376.0,39.134
2026-09-18 10:00:00+00:00,18848.64,3932.01,32558.01,25.5333,17.8833,85.3333,389.1667,39.407
2026-09-18 11:00:00+00:00,18868.5,4048.28,31657.88,24.6,18.45,70.3333,404.5,39.984
2026-09-18 12:00:00+00:00,19014.17,3953.82,30626.97,28.3667,18.6833,91.6667,377.6667,41.61
2026-09-18 13:00:00+00:00,19057.34,4206.39,27282.85,26.55,18.7,71.5,291.8333,42.748
2026-09-18 14:00:00+00:00,18575.35,3669.85,20604.27,25.6333,18.8667,92.6667,198.3333,41.102
2026-09-18 15:00:00+00:00,15712.73,4843.97,12498.72,22.8833,18.7167,97.0,134.1667,42.515
2026-09-18 16:00:00+00:00,12994.65,5994.27,4105.36,21.7167,18.0167,96.0,52.8333,42.805
2026-09-18 17:00:00+00:00,11491.62,5764.35,181.95,21.9333,17.0333,71.8333,4.5,41.743
2026-09-18 18:00:00+00:00,12307.81,5614.57,0.0,21.7,15.5,65.0,0.0,41.636
2026-09-18 19:00:00+00:00,15102.47,5742.2,0.0,22.9,14.4333,64.6667,0.0,38.225
2026-09-18 20:00:00+00:00,17539.02,5457.6,0.0,22.9833,13.9667,77.3333,0.0,41.64
2026-09-18 21:00:00+00:00,19254.04,5239.88,0.0,24.5167,13.15,60.5,0.0,38.602
2026-09-18 22:00:00+00:00,20339.38,5139.75,0.0,24.2333,12.6333,78.8333,0.0,41.502
2026-09-18 23:00:00+00:00,21483.41,4955.04,0.0,24.4,12.35,61.8333,0.0,42.696
2026-09-19 00:00:00+00:00,22997.98,4980.96,0.0,24.3167,12.1833,91.0,0.0,43.813
2026-09-19 01:00:00+00:00,24240.64,4967.56,0.0,25.6667,12.0833,90.5,0.0,46.216
2026-09-19 02:00:00+00:00,25455.86,4457.22,0.0,25.6167,11.95,97.1667,0.0,45.912
2026-09-19 03:00:00+00:00,26287.68,4532.27,0.0,25.9,11.65,72.1667,0.0,41.215
2026-09-19 04:00:00+00:00,27962.02,4285.25,4.72,26.05,11.6833,89.6667,0.1667,43.211
2026-09-19 05:00:00+00:00,28953.04,3946.66,1982.48,26.4833,11.6167,83.3333,20.8333,41.204
2026-09-19 06:00:00+00:00,28609.68,4667.78,9785.21,26.3,11.8167,85.0,82.5,41.121
2026-09-19 07:00:00+00:00,27109.17,3864.74,19747.42,25.1333,13.2,72.5,154.6667,41.989
2026-09-19 08:00:00+00:00,21362.18,4172.58,27339.48,25.4333,14.8,73.8333,244.1667,41.659
2026-09-19 09:00:00+00:00,19173.69,3556.51,32099.3,25.0167,16.8667,66.6667,306.0,44.449
2026-09-19 10:00:00+00:00,19648.83,3526.71,34335.4,27.0667,18.0167,80.3333,340.0,42.062
2026-09-19 11:00:00+00:00,19427.63,2942.12,33979.11,27.65,18.9167,83.5,354.0,45.791
2026-09-19 12:00:00+00:00,19793.93,3394.56,31341.51,29.3,20.0,93.5,369.6667,47.816
2026-09-19 13:00:00+00:00,21094.01,3296.97,26670.22,30.1333,20.45,91.6667,324.1667,47.018
2026-09-19 14:00:00+00:00,23670.22,3633.07,19905.01,30.2167,20.7667,96.5,224.6667,44.997
2026-09-19 15:00:00+00:00,27558.28,3321.4,12125.14,28.45,20.9667,85.3333,136.1667,44.918
2026-09-19 16:00:00+00:00,28327.0,2767.37,3707.88,29.1,20.6333,75.1667,54.1667,45.53
2026-09-19 17:00:00+00:00,28051.19,2859.66,116.92,29.5833,19.6333,76.8333,3.1667,42.851
2026-09-19 18:00:00+00:00,29095.17,2875.28,0.0,27.8667,18.55,86.5,0.0,45.962
2026-09-19 19:00:00+00:00,31124.06,2986.51,0.0,28.4,17.4833,70.0,0.0,39.647
2026-09-19 20:00:00+00:00,30393.47,2996.92,0.0,27.0333,16.8833,59.8333,0.0,38.646
2026-09-19 21:00:00+00:00,30671.48,2926.09,0.0,28.0667,16.45,76.1667,0.0,34.169
2026-09-19 22:00:00+00:00,30389.93,3577.95,0.0,28.7333,16.0,77.5,0.0,35.26
2026-09-19 23:00:00+00:00,28539.81,3784.56,0.0,28.75,15.5667,98.3333,0.0,36.748
2026-09-20 00:00:00+00:00,26866.31,3846.12,0.0,27.25,15.0,95.6667,0.0,35.619
2026-09-20 01:00:00+00:00,25524.97,4175.13,0.0,28.1333,14.7333,99.3333,0.0,38.061
2026-09-20 02:00:00+00:00,25015.15,4322.47,0.0,26.8167,14.4333,83.6667,0.0,40.061
2026-09-20 03:00:00+00:00,24481.04,4483.55,0.0,24.65,14.3,93.0,0.0,46.169
2026-09-20 04:00:00+00:00,25583.18,4706.57,1.21,24.75,13.9333,91.6667,0.0,40.134
2026-09-20 05:00:00+00:00,26328.03,4564.55,1351.88,26.35,13.7167,87.0,16.6667,45.838
2026-09-20 06:00:00+00:00,25679.04,4443.93,6976.34,25.8667,13.8833,93.8333,77.6667,40.147
2026-09-20 07:00:00+00:00,24463.51,4591.85,14926.73,26.3833,15.0,94.1667,132.3333,46.721
2026-09-20 08:00:00+00:00,23082.82,4180.59,20919.11,27.35,16.3167,100.0,216.3333,43.656
2026-09-20 09:00:00+00:00,23507.96,3315.33,25101.61,23.1833,17.8833,90.8333,288.0,47.284
2026-09-20 10:00:00+00:00,22175.99,3340.28,26758.81,33.8167,19.1667,98.6667,344.5,49.531
2026-09-20 11:00:00+00:00,22539.12,2829.79,25880.57,33.1167,19.6167,88.6667,416.3333,49.564
2026-09-20 12:00:00+00:00,23590.28,2762.27,23028.48,34.05,20.1,85.3333,368.0,49.903
2026-09-20 13:00:00+00:00,25487.26,3147.39,18919.58,33.7,20.35,71.5,319.0,52.566
2026-09-20 14:00:00+00:00,30757.63,2900.16,13899.44,35.3167,19.95,78.5,220.6667,51.081
2026-09-20 15:00:00+00:00,35756.87,2832.3,8596.66,35.6167,19.2833,77.1667,152.0,52.061
2026-09-20 16:00:00+00:00,37051.67,2475.45,2749.67,30.65,18.6833,61.8333,66.6667,50.98
2026-09-20 17:00:00+00:00,34711.51,1964.2,113.02,35.3833,17.8,80.8333,3.3333,54.183
2026-09-20 18:00:00+00:00,33239.69,1296.5,0.0,32.9833,16.5333,61.3333,0.0,48.937
2026-09-20 19:00:00+00:00,31523.83,1268.67,0.0,32.0167,15.7667,50.3333,0.0,50.765
2026-09-20 20:00:00+00:00,29738.04,1309.78,0.0,32.0833,15.15,74.3333,0.0,48.191
2026-09-20 21:00:00+00:00,29628.9,1276.59,0.0,32.45,14.3667,63.0,0.0,47.972
2026-09-20 22:00:00+00:00,30371.16,1838.3,0.0,31.2333,13.8,77.1667,0.0,45.616
2026-09-20 23:00:00+00:00,30360.05,2112.11,0.0,28.6833,13.15,79.1667,0.0,47.761
2026-09-21 00:00:00+00:00,29448.3,2598.71,0.0,26.45,12.9833,86.8333,0.0,48.023
2026-09-21 01:00:00+00:00,27532.96,2627.43,0.0,26.9,12.6833,93.5,0.0,48.523
2026-09-21 02:00:00+00:00,25929.71,1915.81,0.0,27.3667,12.4333,64.6667,0.0,47.831
2026-09-21 03:00:00+00:00,24625.54,1749.2,0.0,26.7167,12.3833,89.0,0.0,46.285
2026-09-21 04:00:00+00:00,25452.67,3490.55,2.77,24.9333,12.0833,84.5,0.0,46.093
2026-09-21 05:00:00+00:00,24475.67,3238.68,1231.89,24.65,11.65,86.5,19.5,47.524
2026-09-21 06:00:00+00:00,20897.63,2204.96,6645.27,24.5667,11.4,78.6667,111.0,45.848
2026-09-21 07:00:00+00:00,17854.41,1858.76,14888.99,21.9167,12.5,83.3333,189.5,41.622
2026-09-21 08:00:00+00:00,18556.8,1357.56,23999.13,22.0333,13.75,91.1667,284.0,41.033
2026-09-21 09:00:00+00:00,20278.61,1278.77,31768.92,22.5,14.6167,93.1667,373.0,40.329
2026-09-21 10:00:00+00:00,21748.38,1117.83,35775.47,25.3167,15.55,93.0,449.6667,36.875
2026-09-21 11:00:00+00:00,22340.89,1272.0,36472.47,25.75,16.75,94.5,439.6667,39.561
2026-09-21 12:00:00+00:00,22111.95,1255.96,34600.68,26.2667,17.1,90.0,425.6667,34.177
2026-09-21 13:00:00+00:00,23315.24,1454.67,29920.89,27.75,17.45,90.3333,346.6667,34.89
2026-09-21 14:00:00+00:00,24749.11,1163.74,22059.25,28.3167,17.4333,92.0,257.6667,35.716
2026-09-21 15:00:00+00:00,23952.21,2143.36,12418.25,25.4167,17.2167,98.3333,159.5,35.108
2026-09-21 16:00:00+00:00,21122.54,4723.28,3762.11,26.3167,16.7333,93.5,61.8333,34.844
2026-09-21 17:00:00+00:00,18618.15,5107.39,144.92,24.4167,15.6167,85.5,3.3333,33.848
2026-09-21 18:00:00+00:00,16393.84,4628.05,0.0,21.4167,14.3667,85.5,0.0,34.207
2026-09-21 19:00:00+00:00,14776.92,4710.86,0.0,21.3667,13.2667,45.6667,0.0,32.217
2026-09-21 20:00:00+00:00,13070.04,4429.0,0.0,20.6667,12.35,65.6667,0.0,30.894
2026-09-21 21:00:00+00:00,11488.87,4051.24,0.0,18.3333,11.8,47.8333,0.0,30.211
2026-09-21 22:00:00+00:00,10169.16,3391.11,0.0,19.3667,11.1667,49.0,0.0,29.394
2026-09-21 23:00:00+00:00,9065.42,2704.51,0.0,19.8333,10.5333,49.3333,0.0,24.665
2026-09-22 00:00:00+00:00,7931.08,2010.46,0.0,18.5667,9.8667,39.1667,0.0,25.434
2026-09-22 01:00:00+00:00,7121.28,1450.88,0.0,17.6667,9.5167,23.0,0.0,22.934
2026-09-22 02:00:00+00:00,6673.98,978.44,0.0,16.7667,8.9167,36.3333,0.0,18.012
2026-09-22 03:00:00+00:00,6174.56,555.64,0.0,14.9167,8.6167,63.8333,0.0,14.465
2026-09-22 04:00:00+00:00,5929.17,274.63,1.86,13.45,8.3333,63.6667,0.0,12.763
2026-09-22 05:00:00+00:00,5242.77,131.79,1732.65,12.7333,8.1167,66.6667,22.6667,9.041
2026-09-22 06:00:00+00:00,3626.57,88.58,10439.11,12.0667,8.45,60.5,106.3333,7.563
2026-09-22 07:00:00+00:00,1981.42,63.48,23116.84,11.05,9.9167,46.3333,245.8333,4.218
2026-09-22 08:00:00+00:00,1520.73,31.99,33661.39,8.6167,12.0667,45.1667,355.0,4.918
2026-09-22 09:00:00+00:00,1612.44,19.82,39286.59,6.85,14.3333,52.1667,457.5,7.27
2026-09-22 10:00:00+00:00,1702.39,10.88,42668.9,8.5667,15.75,50.1667,486.8333,7.419
2026-09-22 11:00:00+00:00,1727.27,12.03,43399.8,8.3833,16.7,53.0,500.8333,8.234
2026-09-22 12:00:00+00:00,1886.83,10.9,41926.39,10.0333,17.6333,73.1667,462.1667,7.362
2026-09-22 13:00:00+00:00,1786.61,19.29,36710.15,11.35,18.0833,59.8333,395.6667,8.452
2026-09-22 14:00:00+00:00,2274.79,83.23,28832.2,11.7333,18.05,32.8333,310.1667,9.05
2026-09-22 15:00:00+00:00,2425.41,156.2,16723.15,11.8167,18.25,27.5,193.6667,8.56
2026-09-22 16:00:00+00:00,2119.33,195.33,4399.72,11.7833,17.6667,33.0,70.6667,8.146
2026-09-22 17:00:00+00:00,2262.87,179.72,95.08,15.3167,16.3333,31.1667,2.6667,7.046
2026-09-22 18:00:00+00:00,2663.32,256.94,0.0,16.7,14.6,18.0,0.0,6.218
2026-09-22 19:00:00+00:00,2740.86,287.27,0.0,14.8833,13.4167,22.8333,0.0,8.243
2026-09-22 20:00:00+00:00,2549.02,277.83,0.0,14.9667,12.2833,24.0,0.0,9.592
2026-09-22 21:00:00+00:00,2254.15,183.67,0.0,11.7,10.8167,13.6667,0.0,7.275
2026-09-22 22:00:00+00:00,1932.72,146.2,0.0,9.35,9.8167,12.6667,0.0,8.908
2026-09-22 23:00:00+00:00,1671.46,186.68,0.0,6.8167,9.1167,19.1667,0.0,11.117
2026-09-23 00:00:00+00:00,1472.74,353.17,0.0,7.75,8.5,47.3333,0.0,15.276
2026-09-23 01:00:00+00:00,1358.82,591.16,0.0,10.3667,8.05,44.6667,0.0,14.581
2026-09-23 02:00:00+00:00,1323.41,819.19,0.0,10.4833,7.5167,45.0,0.0,15.189
2026-09-23 03:00:00+00:00,1360.62,871.16,0.0,11.35,7.1833,51.6667,0.0,14.693
2026-09-23 04:00:00+00:00,1597.94,773.1,1.52,11.7333,7.0167,65.5,0.0,12.665
2026-09-23 05:00:00+00:00,2132.94,694.94,1994.01,11.4333,6.7667,62.3333,23.0,17.292
2026-09-23 06:00:00+00:00,2346.68,735.98,12778.99,13.3,6.9833,51.1667,114.5,20.751
2026-09-23 07:00:00+00:00,1811.1,837.39,27005.43,12.7333,8.8833,68.0,227.3333,19.536
2026-09-23 08:00:00+00:00,804.47,1249.36,38460.15,10.0167,11.65,48.8333,357.5,21.38
2026-09-23 09:00:00+00:00,699.4,1304.28,45913.71,7.0167,14.7667,44.5,464.0,21.471
2026-09-23 10:00:00+00:00,1093.79,1490.41,50137.63,8.7167,16.5667,56.1667,508.0,21.043
2026-09-23 11:00:00+00:00,1405.88,1859.55,50264.9,8.65,17.8333,54.6667,539.8333,21.384
2026-09-23 12:00:00+00:00,1804.23,2343.96,46970.64,8.2667,18.75,40.6667,510.1667,25.23
2026-09-23 13:00:00+00:00,2208.89,2905.79,39472.47,8.8167,19.2833,42.8333,399.3333,25.717
2026-09-23 14:00:00+00:00,2835.59,3330.49,27993.42,8.1,19.35,74.0,273.5,30.72
2026-09-23 15:00:00+00:00,2929.87,4637.04,14532.91,9.6833,19.4167,95.0,156.6667,31.055
2026-09-23 16:00:00+00:00,3176.15,3825.54,3803.56,11.1,19.0,64.6667,60.3333,37.188
2026-09-23 17:00:00+00:00,4453.81,4391.28,71.23,11.35,17.7333,62.1667,1.5,30.54
2026-09-23 18:00:00+00:00,8817.5,4681.83,0.0,14.6167,15.6,55.8333,0.0,35.912
2026-09-23 19:00:00+00:00,10836.2,4589.03,0.0,17.2333,14.05,66.5,0.0,44.488
2026-09-23 20:00:00+00:00,12988.03,4379.6,0.0,20.5333,13.7167,76.1667,0.0,45.946
2026-09-23 21:00:00+00:00,16182.32,3511.21,0.0,20.3,13.3667,68.1667,0.0,44.341
2026-09-23 22:00:00+00:00,18826.28,3944.93,0.0,22.2,12.8333,63.0,0.0,44.842
2026-09-23 23:00:00+00:00,19792.69,4673.7,0.0,23.65,12.3,77.0,0.0,44.216
2026-09-24 00:00:00+00:00,21106.13,4044.08,0.0,24.6167,11.9167,96.0,0.0,44.384
2026-09-24 01:00:00+00:00,22510.02,4378.33,0.0,25.6,11.7667,97.1667,0.0,44.645
2026-09-24 02:00:00+00:00,23497.69,4455.31,0.0,25.8167,11.7,98.1667,0.0,45.769
2026-09-24 03:00:00+00:00,23727.35,3857.79,0.0,26.3667,11.2,93.6667,0.0,46.324
2026-09-24 04:00:00+00:00,25358.07,4124.37,0.14,26.4167,11.2833,87.1667,0.0,43.714
2026-09-24 05:00:00+00:00,25891.01,3494.07,724.06,25.9333,11.4,93.6667,12.3333,44.175
2026-09-24 06:00:00+00:00,24864.98,3954.47,5486.9,25.9333,11.6167,82.1667,76.3333,45.734
2026-09-24 07:00:00+00:00,24841.85,4896.43,12380.31,27.35,12.45,96.3333,146.0,45.199
2026-09-24 08:00:00+00:00,26007.79,4086.91,19030.74,28.1667,13.9167,87.8333,244.6667,43.942
2026-09-24 09:00:00+00:00,26675.19,2922.74,24432.52,26.9167,15.2333,91.8333,288.1667,41.285
2026-09-24 10:00:00+00:00,25763.48,2894.39,27858.0,28.9333,16.0667,98.8333,286.8333,39.651
2026-09-24 11:00:00+00:00,24478.37,3631.07,27301.35,30.75,16.65,93.0,317.1667,38.514
2026-09-24 12:00:00+00:00,23323.07,3184.77,25537.67,28.7833,16.4333,89.6667,312.6667,36.744
2026-09-24 13:00:00+00:00,22008.21,3984.28,23073.37,27.85,16.7333,78.5,278.1667,33.105
2026-09-24 14:00:00+00:00,19682.08,4183.03,18140.24,27.9167,16.7167,68.6667,186.3333,32.847
2026-09-24 15:00:00+00:00,16270.06,3355.28,10963.75,26.0167,16.0333,69.0,124.3333,30.129
2026-09-24 16:00:00+00:00,12055.65,2301.76,2691.38,24.1667,15.5833,72.1667,50.1667,26.611
2026-09-24 17:00:00+00:00,9641.42,1556.78,26.34,20.9833,14.45,57.0,1.3333,25.387
2026-09-24 18:00:00+00:00,7710.96,1264.05,0.0,18.5333,13.3167,79.5,0.0,20.618
2026-09-24 19:00:00+00:00,6576.83,1040.63,0.0,16.3167,12.3833,65.0,0.0,19.986
2026-09-24 20:00:00+00:00,5509.21,573.39,0.0,16.0833,11.4167,68.0,0.0,17.683
2026-09-24 21:00:00+00:00,4600.44,415.36,0.0,14.9667,10.2333,77.5,0.0,13.664
2026-09-24 22:00:00+00:00,4098.77,381.24,0.0,13.55,9.7333,74.6667,0.0,14.803
2026-09-24 23:00:00+00:00,4174.7,238.98,0.0,11.9667,9.4,71.8333,0.0,13.739
2026-09-25 00:00:00+00:00,3978.03,341.26,0.0,13.4833,8.3,87.6667,0.0,12.384
2026-09-25 01:00:00+00:00,3894.58,696.14,0.0,12.9167,7.9667,89.5,0.0,16.98
2026-09-25 02:00:00+00:00,3610.86,1029.49,0.0,13.45,7.6333,81.8333,0.0,18.574
2026-09-25 03:00:00+00:00,3350.77,1231.51,0.0,11.9833,7.05,63.5,0.0,20.878
2026-09-25 04:00:00+00:00,3189.98,1479.49,0.26,11.35,6.5167,75.6667,0.0,20.768
2026-09-25 05:00:00+00:00,3655.63,1863.69,1455.7,13.45,6.4333,92.3333,13.6667,21.444
2026-09-25 06:00:00+00:00,3875.6,2112.66,10752.31,12.7333,6.4833,92.6667,90.5,23.631
2026-09-25 07:00:00+00:00,3337.09,2356.1,24505.21,14.35,7.85,79.6667,210.6667,23.707
2026-09-25 08:00:00+00:00,2686.08,2572.49,36167.64,13.2833,10.2333,58.3333,345.6667,25.473
2026-09-25 09:00:00+00:00,3583.61,2594.92,43152.74,10.7667,13.45,40.1667,443.5,26.192
2026-09-25 10:00:00+00:00,3932.54,2647.37,47071.86,10.7333,15.45,41.5,486.1667,26.067
2026-09-25 11:00:00+00:00,3708.07,2654.22,47556.05,10.3333,16.8,43.0,517.0,24.858
2026-09-25 12:00:00+00:00,3510.46,2466.19,44392.08,9.75,17.75,32.8333,497.6667,23.38
2026-09-25 13:00:00+00:00,3107.44,2207.88,38205.11,9.4167,18.4,29.0,425.0,23.903
2026-09-25 14:00:00+00:00,2381.85,2134.59,28961.77,9.7333,18.6667,27.3333,307.5,23.539
2026-09-25 15:00:00+00:00,1617.5,2054.59,15769.39,9.8667,18.7333,22.6667,185.1667,24.539
2026-09-25 16:00:00+00:00,999.97,1987.71,3851.34,10.15,18.1333,26.5,60.5,21.967
2026-09-25 17:00:00+00:00,1163.73,1897.23,46.47,11.3,16.15,16.6667,1.1667,22.468
2026-09-25 18:00:00+00:00,1731.89,1810.21,0.0,12.0,13.4833,13.3333,0.0,21.723
2026-09-25 19:00:00+00:00,2345.93,2043.24,0.0,11.7,11.8833,31.8333,0.0,23.896
2026-09-25 20:00:00+00:00,3448.32,1937.17,0.0,15.3667,11.0667,19.1667,0.0,25.16
2026-09-25 21:00:00+00:00,4712.8,1632.25,0.0,16.7167,10.4333,22.0,0.0,20.322
2026-09-25 22:00:00+00:00,6136.08,1395.3,0.0,16.2667,9.55,15.6667,0.0,19.073
2026-09-25 23:00:00+00:00,7091.93,1117.18,0.0,15.4833,9.25,26.0,0.0,17.473
2026-09-26 00:00:00+00:00,7545.62,967.06,0.0,16.5167,8.7167,16.3333,0.0,21.991
2026-09-26 01:00:00+00:00,7530.65,1044.66,0.0,17.3833,8.45,12.0,0.0,22.627
2026-09-26 02:00:00+00:00,6833.52,1368.99,0.0,16.8167,8.0667,15.3333,0.0,17.628
2026-09-26 03:00:00+00:00,6119.95,1588.41,0.0,16.95,7.7,42.3333,0.0,26.856
2026-09-26 04:00:00+00:00,5788.62,1314.02,0.36,16.8333,7.6833,42.5,0.0,18.903
2026-09-26 05:00:00+00:00,5837.61,1292.03,1524.31,16.4667,7.6333,74.1667,16.8333,20.531
2026-09-26 06:00:00+00:00,5448.91,1170.24,11460.14,16.9833,7.7,72.0,94.3333,17.119
2026-09-26 07:00:00+00:00,4061.88,972.6,25346.23,15.35,9.4667,46.3333,225.5,20.106
2026-09-26 08:00:00+00:00,2103.64,636.64,36074.06,11.9833,12.7333,38.3333,334.8333,15.416
2026-09-26 09:00:00+00:00,1323.95,520.01,42689.48,7.2667,15.9667,45.1667,433.5,17.993
2026-09-26 10:00:00+00:00,1111.34,398.89,46358.3,4.2,18.1833,44.0,489.5,14.986
2026-09-26 11:00:00+00:00,1009.18,262.22,45692.54,4.5167,19.9167,80.8333,465.3333,15.742
2026-09-26 12:00:00+00:00,998.17,387.3,42066.19,5.9167,21.2833,68.8333,439.1667,17.578
2026-09-26 13:00:00+00:00,879.01,230.17,35309.53,5.95,21.9667,70.8333,368.5,14.85
2026-09-26 14:00:00+00:00,755.7,154.49,25344.78,8.0833,21.85,78.6667,245.6667,14.187
